东营绘本出版多少钱,http://www.jiankangad.com/show-40-47785.html
达州绘本出版多少钱,http://www.baike.com/info/b5dnG/article-40-45918.html
白银绘本出版多少钱,http://www.hb114.cc/hbsx/40/32753.html
抚顺自费出版，出书多少钱,http://www.chndsnews.com/dszx/LeL63s/show40-56982.html
怀化出书费用,http://www.shuyang.tv/fenlei/chubange/40/62689.html
定西出书费用,http://www.zgmuye.com/info/chubange/40/66912.html
内江绘本出版多少钱,http://life.ijntv.cn/wdsw/show-40-49834.html
荆门自费出版，出书多少钱,http://www.fa160.com/show-40-24843.html
潍坊绘本出版多少钱,http://www.yz88.cn/info/M8WffV-show-40i69498.html
清远出书费用,http://www.pipezx.com/qiye/nlZQLG/show-40-61165.html
白城出版一本书多少钱,http://www.alibole.com/qynews/40i805.html
安康绘本出版多少钱,http://www.zbnews.net/qysx/chubange/show-40-7543.html
南阳出版一本书多少钱,http://www.zhiding8.com/wdzd/chubange/40/9421.html
沈阳出版一本书多少钱,http://www.syiptv.com/qiye/chubange/40/12352.html
沈阳绘本出版多少钱,http://b2b.baike.com/nWGV6E/article-40-9860.html
宁波出书费用,http://www.gxcznews.com.cn/czsx/UCM40/21455.html
松原绘本出版多少钱,http://www.51sole.com/qxynews/201809-40i23638.html
淮北自费出版，出书多少钱,http://www.51zhantai.com/ztxw/40i41733.html
濮阳出版一本书多少钱,http://www.95gq.com/95sx/40i53092.html
滨州出书费用,http://www.hb114.cc/hbxw/40/34654.html
济宁绘本出版多少钱,http://www.qqbb120.com/2018/0340/43405.html
泰安绘本出版多少钱,http://www.ijntv.cn/info/40i70493.html
濮阳自费出版，出书多少钱,http://www.taojindi.com/wdjd/40j51486.html
东营出版一本书多少钱,http://www.nongcun5.com/sell/news/40/68775.html
黄冈出书费用,http://ent.ijntv.cn/flzx/chubange-jnnews/40/24393.html
淄博出版一本书多少钱,http://www.jiankangad.com/show-40-47749.html
湛江自费出版，出书多少钱,http://www.baike.com/info/b5dnG/article-40-45884.html
临沧出书费用,http://www.hb114.cc/hbsx/40/32718.html
宜昌出书费用,http://www.chndsnews.com/dszx/LeL63s/show40-56944.html
湛江出版一本书多少钱,http://www.shuyang.tv/fenlei/chubange/40/62651.html
吴忠绘本出版多少钱,http://www.zgmuye.com/info/chubange/40/66872.html
阳江绘本出版多少钱,http://life.ijntv.cn/wdsw/show-40-49794.html
普洱出版一本书多少钱,http://www.fa160.com/show-40-24803.html
焦作出版一本书多少钱,http://www.yz88.cn/info/M8WffV-show-40i69457.html
昆明出书费用,http://www.pipezx.com/qiye/nlZQLG/show-40-61125.html
南充出书费用,http://www.alibole.com/qynews/40i768.html
平凉绘本出版多少钱,http://www.zhiding8.com/wdzd/chubange/40/9382.html
吉林出版一本书多少钱,http://www.syiptv.com/qiye/chubange/40/12314.html
东莞出书费用,http://www.gxcznews.com.cn/czsx/UCM40/21416.html
莆田绘本出版多少钱,http://www.51sole.com/qxynews/201809-40i23603.html
衡阳出版一本书多少钱,http://www.51zhantai.com/ztxw/40i41696.html
荆州绘本出版多少钱,http://www.95gq.com/95sx/40i53054.html
鄂尔多斯出版一本书多少钱,http://www.hb114.cc/hbxw/40/34616.html
沈阳自费出版，出书多少钱,http://www.qqbb120.com/2018/0340/43371.html
茂名出版一本书多少钱,http://www.ijntv.cn/info/40i70456.html
绥化自费出版，出书多少钱,http://www.taojindi.com/wdjd/40j51450.html
渭南自费出版，出书多少钱,http://www.nongcun5.com/sell/news/40/68739.html
石嘴山绘本出版多少钱,http://ent.ijntv.cn/flzx/chubange-jnnews/40/24355.html
湛江绘本出版多少钱,http://www.jiankangad.com/show-40-47712.html
眉山绘本出版多少钱,http://www.baike.com/info/b5dnG/article-40-45849.html
银川出书费用,http://www.hb114.cc/hbsx/40/32681.html
广安出版一本书多少钱,http://www.chndsnews.com/dszx/LeL63s/show40-56906.html
荆州出版一本书多少钱,http://www.shuyang.tv/fenlei/chubange/40/62612.html
长沙出版一本书多少钱,http://www.zgmuye.com/info/chubange/40/66834.html
孝感出版一本书多少钱,http://life.ijntv.cn/wdsw/show-40-49755.html
湖州自费出版，出书多少钱,http://www.fa160.com/show-40-24764.html
保山出书费用,http://www.yz88.cn/info/M8WffV-show-40i69419.html
清远出版一本书多少钱,http://www.baike.com/info/b5dnG/article-40-45842.html
合肥绘本出版多少钱,http://www.hb114.cc/hbsx/40/32668.html
连云港自费出版，出书多少钱,http://www.chndsnews.com/dszx/LeL63s/show40-56894.html
无锡自费出版，出书多少钱,http://www.shuyang.tv/fenlei/chubange/40/62600.html
枣庄出版一本书多少钱,http://www.zgmuye.com/info/chubange/40/66821.html
铜川出书费用,http://life.ijntv.cn/wdsw/show-40-49743.html
黄石出版一本书多少钱,http://www.fa160.com/show-40-24753.html
温州自费出版，出书多少钱,http://www.yz88.cn/info/M8WffV-show-40i69410.html
淄博出书费用,http://www.pipezx.com/qiye/nlZQLG/show-40-61081.html
濮阳出书费用,http://www.alibole.com/qynews/40i723.html
安庆出书费用,http://www.zhiding8.com/wdzd/chubange/40/9331.html
阳江出书费用,http://www.syiptv.com/qiye/chubange/40/12268.html
邢台绘本出版多少钱,http://www.gxcznews.com.cn/czsx/UCM40/21366.html
濮阳绘本出版多少钱,http://www.51sole.com/qxynews/201809-40i23556.html
湘潭绘本出版多少钱,http://www.51zhantai.com/ztxw/40i41649.html
黄冈出版一本书多少钱,http://www.95gq.com/95sx/40i53003.html
榆林自费出版，出书多少钱,http://www.hb114.cc/hbxw/40/34564.html
南充绘本出版多少钱,http://www.qqbb120.com/2018/0340/43321.html
丹东出书费用,http://www.ijntv.cn/info/40i70402.html
阳泉自费出版，出书多少钱,http://www.taojindi.com/wdjd/40j51401.html
承德出版一本书多少钱,http://www.nongcun5.com/sell/news/40/68691.html
包头绘本出版多少钱,http://ent.ijntv.cn/flzx/chubange-jnnews/40/24308.html
呼伦贝尔出版一本书多少钱,http://www.jiankangad.com/show-40-47662.html
六盘水自费出版，出书多少钱,http://www.hb114.cc/hbsx/40/32636.html
亳州绘本出版多少钱,http://www.chndsnews.com/dszx/LeL63s/show40-56863.html
重庆自费出版，出书多少钱,http://www.shuyang.tv/fenlei/chubange/40/62568.html
北京出版一本书多少钱,http://www.zgmuye.com/info/chubange/40/66787.html
焦作绘本出版多少钱,http://life.ijntv.cn/wdsw/show-40-49710.html
马鞍山出书费用,http://www.hyb2b.com/show-40-6385.html
许昌出书费用,http://www.fa160.com/show-40-24722.html
菏泽出书费用,http://www.yz88.cn/info/M8WffV-show-40i69376.html
双鸭山自费出版，出书多少钱,http://www.pipezx.com/qiye/nlZQLG/show-40-61048.html
合肥自费出版，出书多少钱,http://www.alibole.com/qynews/40i690.html
杭州出版一本书多少钱,http://www.zbnews.net/qysx/chubange/show-40-7485.html
长治绘本出版多少钱,http://www.zhiding8.com/wdzd/chubange/40/9299.html
武威自费出版，出书多少钱,http://www.syiptv.com/qiye/chubange/40/12239.html
拉萨自费出版，出书多少钱,http://b2b.baike.com/nWGV6E/article-40-9812.html
吴忠出版一本书多少钱,http://www.gxcznews.com.cn/czsx/UCM40/21337.html
梧州自费出版，出书多少钱,http://www.51sole.com/qxynews/201809-40i23528.html
无锡出版一本书多少钱,http://www.51zhantai.com/ztxw/40i41621.html
哈尔滨出书费用,http://www.95gq.com/95sx/40i52973.html
六安自费出版，出书多少钱,http://www.hb114.cc/hbxw/40/34535.html
石嘴山出书费用,http://www.qqbb120.com/2018/0340/43295.html
湘潭出版一本书多少钱,http://www.ijntv.cn/info/40i70375.html
广元绘本出版多少钱,http://www.taojindi.com/wdjd/40j51375.html
邵阳绘本出版多少钱,http://www.nongcun5.com/sell/news/40/68664.html
资阳自费出版，出书多少钱,http://ent.ijntv.cn/flzx/chubange-jnnews/40/24282.html
商洛出书费用,http://www.jiankangad.com/show-40-47635.html
梧州绘本出版多少钱,http://www.hb114.cc/hbsx/40/32610.html
七台河出书费用,http://www.chndsnews.com/dszx/LeL63s/show40-56839.html
郴州出书费用,http://www.shuyang.tv/fenlei/chubange/40/62544.html
新余自费出版，出书多少钱,http://www.zgmuye.com/info/chubange/40/66764.html
常州绘本出版多少钱,http://life.ijntv.cn/wdsw/show-40-49690.html
中山自费出版，出书多少钱,http://www.hyb2b.com/show-40-6363.html
北海出书费用,http://www.fa160.com/show-40-24699.html
玉溪自费出版，出书多少钱,http://www.yz88.cn/info/M8WffV-show-40i69353.html
唐山出版一本书多少钱,http://www.pipezx.com/qiye/nlZQLG/show-40-61029.html
白山出版一本书多少钱,http://www.alibole.com/qynews/40i671.html
玉林出书费用,http://www.zhiding8.com/wdzd/chubange/40/9279.html
曲靖出版一本书多少钱,http://www.syiptv.com/qiye/chubange/40/12219.html
亳州自费出版，出书多少钱,http://www.gxcznews.com.cn/czsx/UCM40/21315.html
漳州出书费用,http://www.51sole.com/qxynews/201809-40i23508.html
鄂州出版一本书多少钱,http://www.51zhantai.com/ztxw/40i41602.html
拉萨出版一本书多少钱,http://www.95gq.com/95sx/40i52956.html
太原出版一本书多少钱,http://www.hb114.cc/hbxw/40/34518.html
镇江出书费用,http://www.qqbb120.com/2018/0340/43277.html
大庆绘本出版多少钱,http://www.ijntv.cn/info/40i70358.html
湛江出书费用,http://www.taojindi.com/wdjd/40j51358.html
临沂绘本出版多少钱,http://www.nongcun5.com/sell/news/40/68648.html
漳州出版一本书多少钱,http://ent.ijntv.cn/flzx/chubange-jnnews/40/24266.html
泉州绘本出版多少钱,http://www.jiankangad.com/show-40-47619.html
烟台自费出版，出书多少钱,http://www.hb114.cc/hbsx/40/32592.html
南昌自费出版，出书多少钱,http://www.chndsnews.com/dszx/LeL63s/show40-56819.html
兰州自费出版，出书多少钱,http://www.shuyang.tv/fenlei/chubange/40/62524.html
盘锦出版一本书多少钱,http://www.zgmuye.com/info/chubange/40/66745.html
苏州出版一本书多少钱,http://life.ijntv.cn/wdsw/show-40-49668.html
德州出版一本书多少钱,http://www.hyb2b.com/show-40-6342.html
金昌自费出版，出书多少钱,http://www.fa160.com/show-40-24680.html
达州出版一本书多少钱,http://www.yz88.cn/info/M8WffV-show-40i69336.html
永州自费出版，出书多少钱,http://www.pipezx.com/qiye/nlZQLG/show-40-61014.html
唐山自费出版，出书多少钱,http://www.alibole.com/qynews/40i656.html
马鞍山自费出版，出书多少钱,http://www.zhiding8.com/wdzd/chubange/40/9263.html
眉山自费出版，出书多少钱,http://www.syiptv.com/qiye/chubange/40/12203.html
南京绘本出版多少钱,http://www.gxcznews.com.cn/czsx/UCM40/21298.html
黄山出书费用,http://www.51sole.com/qxynews/201809-40i23491.html
吴忠出书费用,http://www.51zhantai.com/ztxw/40i41585.html
泰安出版一本书多少钱,http://www.95gq.com/95sx/40i52939.html
商洛自费出版，出书多少钱,http://www.hb114.cc/hbxw/40/34503.html
普洱绘本出版多少钱,http://www.qqbb120.com/2018/0340/43259.html
河池出书费用,http://www.ijntv.cn/info/40i70340.html
芜湖绘本出版多少钱,http://www.taojindi.com/wdjd/40j51341.html
日照出版一本书多少钱,http://www.nongcun5.com/sell/news/40/68630.html
沈阳出书费用,http://ent.ijntv.cn/flzx/chubange-jnnews/40/24248.html
吉林绘本出版多少钱,http://www.jiankangad.com/show-40-47601.html
资阳绘本出版多少钱,http://www.baike.com/info/b5dnG/article-40-45785.html
上海出版一本书多少钱,http://www.hb114.cc/hbsx/40/32573.html
揭阳绘本出版多少钱,http://www.chndsnews.com/dszx/LeL63s/show40-56801.html
淮北出书费用,http://www.shuyang.tv/fenlei/chubange/40/62508.html
盐城出版一本书多少钱,http://www.zgmuye.com/info/chubange/40/66729.html
白山出书费用,http://life.ijntv.cn/wdsw/show-40-49653.html
岳阳出书费用,http://www.hyb2b.com/show-40-6327.html
南京出版一本书多少钱,http://www.fa160.com/show-40-24664.html
绍兴绘本出版多少钱,http://www.yz88.cn/info/M8WffV-show-40i69320.html
开封绘本出版多少钱,http://www.pipezx.com/qiye/nlZQLG/show-40-60999.html
铁岭出版一本书多少钱,http://www.alibole.com/qynews/40i641.html
徐州绘本出版多少钱,http://www.zbnews.net/qysx/chubange/show-40-7462.html
海口出版一本书多少钱,http://www.zhiding8.com/wdzd/chubange/40/9247.html
九江出书费用,http://www.syiptv.com/qiye/chubange/40/12190.html
潮州出版一本书多少钱,http://www.gxcznews.com.cn/czsx/UCM40/21284.html
梅州绘本出版多少钱,http://www.51sole.com/qxynews/201809-40i23479.html
许昌出版一本书多少钱,http://www.51zhantai.com/ztxw/40i41573.html
潮州绘本出版多少钱,http://www.95gq.com/95sx/40i52923.html
怀化出版一本书多少钱,http://www.hb114.cc/hbxw/40/34485.html
宁波自费出版，出书多少钱,http://www.qqbb120.com/2018/0340/43249.html
黄冈自费出版，出书多少钱,http://www.ijntv.cn/info/40i70326.html
重庆出版一本书多少钱,http://www.taojindi.com/wdjd/40j51331.html
石嘴山自费出版，出书多少钱,http://www.nongcun5.com/sell/news/40/68621.html
广元自费出版，出书多少钱,http://ent.ijntv.cn/flzx/chubange-jnnews/40/24239.html
金昌绘本出版多少钱,http://www.jiankangad.com/show-40-47588.html
铁岭出书费用,http://www.baike.com/info/b5dnG/article-40-45777.html
遵义绘本出版多少钱,http://www.hb114.cc/hbsx/40/32565.html
贵阳自费出版，出书多少钱,http://www.chndsnews.com/dszx/LeL63s/show40-56793.html
台州自费出版，出书多少钱,http://www.shuyang.tv/fenlei/chubange/40/62499.html
枣庄出书费用,http://www.zgmuye.com/info/chubange/40/66720.html
周口出书费用,http://life.ijntv.cn/wdsw/show-40-49644.html
邵阳自费出版，出书多少钱,http://www.hyb2b.com/show-40-6318.html
陇南自费出版，出书多少钱,http://www.fa160.com/show-40-24655.html
锦州出版一本书多少钱,http://www.yz88.cn/info/M8WffV-show-40i69311.html
铜川绘本出版多少钱,http://www.pipezx.com/qiye/nlZQLG/show-40-60990.html
泸州绘本出版多少钱,http://www.alibole.com/qynews/40i632.html
来宾绘本出版多少钱,http://www.zbnews.net/qysx/chubange/show-40-7454.html
曲靖绘本出版多少钱,http://www.zhiding8.com/wdzd/chubange/40/9234.html
宝鸡出书费用,http://www.syiptv.com/qiye/chubange/40/12181.html
白山自费出版，出书多少钱,http://www.gxcznews.com.cn/czsx/UCM40/21271.html
六安出书费用,http://www.51sole.com/qxynews/201809-40i23471.html
青岛出书费用,http://www.51zhantai.com/ztxw/40i41565.html
无锡出书费用,http://www.95gq.com/95sx/40i52911.html
天津自费出版，出书多少钱,http://www.hb114.cc/hbxw/40/34473.html
泰州出版一本书多少钱,http://www.qqbb120.com/2018/0340/43241.html
东营出书费用,http://www.ijntv.cn/info/40i70313.html
马鞍山绘本出版多少钱,http://www.taojindi.com/wdjd/40j51322.html
鹰潭出书费用,http://www.nongcun5.com/sell/news/40/68612.html
鹤岗出书费用,http://ent.ijntv.cn/flzx/chubange-jnnews/40/24231.html
萍乡自费出版，出书多少钱,http://www.jiankangad.com/show-40-47576.html
宁波出版一本书多少钱,http://www.baike.com/info/b5dnG/article-40-45768.html
昭通自费出版，出书多少钱,http://www.hb114.cc/hbsx/40/32556.html
丹东自费出版，出书多少钱,http://www.chndsnews.com/dszx/LeL63s/show40-56782.html
邢台出书费用,http://www.shuyang.tv/fenlei/chubange/40/62489.html
深圳自费出版，出书多少钱,http://www.zgmuye.com/info/chubange/40/66711.html
惠州出版一本书多少钱,http://life.ijntv.cn/wdsw/show-40-49637.html
保山自费出版，出书多少钱,http://www.hyb2b.com/show-40-6311.html
拉萨出书费用,http://www.fa160.com/show-40-24648.html
营口绘本出版多少钱,http://www.yz88.cn/info/M8WffV-show-40i69303.html
佳木斯绘本出版多少钱,http://www.pipezx.com/qiye/nlZQLG/show-40-60983.html
广安自费出版，出书多少钱,http://www.alibole.com/qynews/40i625.html
鹤岗自费出版，出书多少钱,http://www.zbnews.net/qysx/chubange/show-40-7446.html
秦皇岛出书费用,http://www.zhiding8.com/wdzd/chubange/40/9221.html
常州自费出版，出书多少钱,http://www.syiptv.com/qiye/chubange/40/12172.html
葫芦岛出版一本书多少钱,http://www.gxcznews.com.cn/czsx/UCM40/21258.html
济宁自费出版，出书多少钱,http://www.51sole.com/qxynews/201809-40i23463.html
哈尔滨自费出版，出书多少钱,http://www.51zhantai.com/ztxw/40i41557.html
自贡自费出版，出书多少钱,http://www.95gq.com/95sx/40i52899.html
德阳出版一本书多少钱,http://www.hb114.cc/hbxw/40/34461.html
漯河出书费用,http://www.qqbb120.com/2018/0340/43233.html
安阳出书费用,http://www.ijntv.cn/info/40i70300.html
宁波绘本出版多少钱,http://www.taojindi.com/wdjd/40j51313.html
咸宁出书费用,http://www.nongcun5.com/sell/news/40/68603.html
武汉出版一本书多少钱,http://ent.ijntv.cn/flzx/chubange-jnnews/40/24222.html
鹤岗绘本出版多少钱,http://www.jiankangad.com/show-40-47562.html
六盘水出版一本书多少钱,http://www.baike.com/info/b5dnG/article-40-45759.html
上海出书费用,http://www.hb114.cc/hbsx/40/32547.html
黄石出书费用,http://www.chndsnews.com/dszx/LeL63s/show40-56773.html
昆明出版一本书多少钱,http://www.shuyang.tv/fenlei/chubange/40/62479.html
陇南出书费用,http://www.zgmuye.com/info/chubange/40/66701.html
松原出版一本书多少钱,http://life.ijntv.cn/wdsw/show-40-49626.html
汉中出版一本书多少钱,http://www.hyb2b.com/show-40-6300.html
赤峰出书费用,http://www.fa160.com/show-40-24637.html
佛山绘本出版多少钱,http://www.yz88.cn/info/M8WffV-show-40i69292.html
新余出版一本书多少钱,http://www.pipezx.com/qiye/nlZQLG/show-40-60973.html
广元出版一本书多少钱,http://www.alibole.com/qynews/40i615.html
宣城绘本出版多少钱,http://www.zbnews.net/qysx/chubange/show-40-7435.html
防城港出版一本书多少钱,http://www.zhiding8.com/wdzd/chubange/40/9206.html
西安自费出版，出书多少钱,http://www.syiptv.com/qiye/chubange/40/12163.html
池州出书费用,http://b2b.baike.com/nWGV6E/article-40-9790.html
钦州出书费用,http://www.gxcznews.com.cn/czsx/UCM40/21243.html
汕头出版一本书多少钱,http://www.51sole.com/qxynews/201809-40i23453.html
蚌埠出书费用,http://www.51zhantai.com/ztxw/40i41547.html
贵港出版一本书多少钱,http://www.95gq.com/95sx/40i52885.html
阜阳出书费用,http://www.hb114.cc/hbxw/40/34447.html
舟山自费出版，出书多少钱,http://www.qqbb120.com/2018/0340/43223.html
驻马店出版一本书多少钱,http://www.ijntv.cn/info/40i70285.html
衢州出版一本书多少钱,http://www.taojindi.com/wdjd/40j51302.html
铜川自费出版，出书多少钱,http://www.nongcun5.com/sell/news/40/68593.html
齐齐哈尔绘本出版多少钱,http://ent.ijntv.cn/flzx/chubange-jnnews/40/24213.html
吴忠自费出版，出书多少钱,http://www.jiankangad.com/show-40-47549.html
本溪绘本出版多少钱,http://www.baike.com/info/b5dnG/article-40-45750.html
德阳绘本出版多少钱,http://www.hb114.cc/hbsx/40/32539.html
随州绘本出版多少钱,http://www.chndsnews.com/dszx/LeL63s/show40-56764.html
黄山出版一本书多少钱,http://www.shuyang.tv/fenlei/chubange/40/62471.html
锦州绘本出版多少钱,http://www.zgmuye.com/info/chubange/40/66692.html
三门峡自费出版，出书多少钱,http://life.ijntv.cn/wdsw/show-40-49619.html
嘉峪关绘本出版多少钱,http://www.hyb2b.com/show-40-6293.html
武威出版一本书多少钱,http://www.fa160.com/show-40-24630.html
呼和浩特出书费用,http://www.yz88.cn/info/M8WffV-show-40i69284.html
双鸭山出版一本书多少钱,http://www.pipezx.com/qiye/nlZQLG/show-40-60966.html
邯郸出书费用,http://www.alibole.com/qynews/40i608.html
雅安自费出版，出书多少钱,http://www.zbnews.net/qysx/chubange/show-40-7428.html
福州自费出版，出书多少钱,http://www.zhiding8.com/wdzd/chubange/40/9193.html
徐州出书费用,http://www.syiptv.com/qiye/chubange/40/12153.html
舟山绘本出版多少钱,http://www.gxcznews.com.cn/czsx/UCM40/21230.html
苏州自费出版，出书多少钱,http://www.51sole.com/qxynews/201809-40i23445.html
茂名出书费用,http://www.51zhantai.com/ztxw/40i41539.html
镇江绘本出版多少钱,http://www.95gq.com/95sx/40i52872.html
三亚自费出版，出书多少钱,http://www.hb114.cc/hbxw/40/34434.html
安阳绘本出版多少钱,http://www.qqbb120.com/2018/0340/43215.html
临沂出书费用,http://www.ijntv.cn/info/40i70271.html
承德自费出版，出书多少钱,http://www.taojindi.com/wdjd/40j51293.html
中卫出版一本书多少钱,http://www.nongcun5.com/sell/news/40/68584.html
梅州出书费用,http://ent.ijntv.cn/flzx/chubange-jnnews/40/24204.html
大庆出书费用,http://www.jiankangad.com/show-40-47536.html
酒泉绘本出版多少钱,http://www.baike.com/info/b5dnG/article-40-45741.html
白山绘本出版多少钱,http://www.hb114.cc/hbsx/40/32529.html
聊城出书费用,http://www.chndsnews.com/dszx/LeL63s/show40-56753.html
长沙绘本出版多少钱,http://www.shuyang.tv/fenlei/chubange/40/62460.html
新乡出书费用,http://www.zgmuye.com/info/chubange/40/66681.html
兰州出书费用,http://life.ijntv.cn/wdsw/show-40-49606.html
保山出版一本书多少钱,http://www.hyb2b.com/show-40-6280.html
佛山自费出版，出书多少钱,http://www.fa160.com/show-40-24617.html
咸宁出版一本书多少钱,http://www.yz88.cn/info/M8WffV-show-40i69271.html
嘉峪关出版一本书多少钱,http://www.pipezx.com/qiye/nlZQLG/show-40-60953.html
宿迁出书费用,http://www.alibole.com/qynews/40i595.html
四平自费出版，出书多少钱,http://www.zbnews.net/qysx/chubange/show-40-7415.html
廊坊自费出版，出书多少钱,http://www.zhiding8.com/wdzd/chubange/40/9176.html
铜仁出版一本书多少钱,http://www.syiptv.com/qiye/chubange/40/12140.html
毕节自费出版，出书多少钱,http://www.gxcznews.com.cn/czsx/UCM40/21213.html
石嘴山出版一本书多少钱,http://www.51sole.com/qxynews/201809-40i23433.html
武汉出书费用,http://www.51zhantai.com/ztxw/40i41527.html
朔州出版一本书多少钱,http://www.95gq.com/95sx/40i52855.html
宜宾绘本出版多少钱,http://www.hb114.cc/hbxw/40/34417.html
邯郸出版一本书多少钱,http://www.qqbb120.com/2018/0340/43202.html
忻州自费出版，出书多少钱,http://www.ijntv.cn/info/40i70254.html
滁州出版一本书多少钱,http://www.taojindi.com/wdjd/40j51280.html
克拉玛依自费出版，出书多少钱,http://www.nongcun5.com/sell/news/40/68570.html
沧州自费出版，出书多少钱,http://ent.ijntv.cn/flzx/chubange-jnnews/40/24192.html
丽江出版一本书多少钱,http://www.jiankangad.com/show-40-47520.html
宿州出版一本书多少钱,http://www.baike.com/info/b5dnG/article-40-45729.html
潍坊出版一本书多少钱,http://www.hb114.cc/hbsx/40/32517.html
海口绘本出版多少钱,http://www.chndsnews.com/dszx/LeL63s/show40-56741.html
龙岩自费出版，出书多少钱,http://www.shuyang.tv/fenlei/chubange/40/62448.html
江门出书费用,http://www.zgmuye.com/info/chubange/40/66669.html
临汾出书费用,http://life.ijntv.cn/wdsw/show-40-49595.html
咸阳自费出版，出书多少钱,http://www.hyb2b.com/show-40-6268.html
唐山绘本出版多少钱,http://www.fa160.com/show-40-24606.html
南阳出书费用,http://www.yz88.cn/info/M8WffV-show-40i69261.html
盐城绘本出版多少钱,http://www.pipezx.com/qiye/nlZQLG/show-40-60944.html
石家庄出书费用,http://www.alibole.com/qynews/40i586.html
泉州出版一本书多少钱,http://www.zhiding8.com/wdzd/chubange/40/9162.html
郑州绘本出版多少钱,http://www.syiptv.com/qiye/chubange/40/12130.html
赣州出书费用,http://www.gxcznews.com.cn/czsx/UCM40/21198.html
乌海出书费用,http://www.51sole.com/qxynews/201809-40i23423.html
枣庄自费出版，出书多少钱,http://www.51zhantai.com/ztxw/40i41517.html
四平绘本出版多少钱,http://www.95gq.com/95sx/40i52841.html
张家界出版一本书多少钱,http://www.hb114.cc/hbxw/40/34403.html
泰州自费出版，出书多少钱,http://www.qqbb120.com/2018/0340/43192.html
承德绘本出版多少钱,http://www.ijntv.cn/info/40i70239.html
丽水自费出版，出书多少钱,http://www.taojindi.com/wdjd/40j51269.html
张家口绘本出版多少钱,http://www.nongcun5.com/sell/news/40/68559.html
衡阳出书费用,http://ent.ijntv.cn/flzx/chubange-jnnews/40/24181.html
宣城出版一本书多少钱,http://www.jiankangad.com/show-40-47505.html
牡丹江出版一本书多少钱,http://www.baike.com/info/b5dnG/article-40-45718.html
保定自费出版，出书多少钱,http://www.hb114.cc/hbsx/40/32506.html
渭南绘本出版多少钱,http://www.chndsnews.com/dszx/LeL63s/show40-56729.html
广州绘本出版多少钱,http://www.shuyang.tv/fenlei/chubange/40/62436.html
丹东绘本出版多少钱,http://www.zgmuye.com/info/chubange/40/66657.html
洛阳出书费用,http://life.ijntv.cn/wdsw/show-40-49584.html
厦门出版一本书多少钱,http://www.hyb2b.com/show-40-6257.html
怀化自费出版，出书多少钱,http://www.fa160.com/show-40-24594.html
常州出书费用,http://www.yz88.cn/info/M8WffV-show-40i69248.html
宝鸡自费出版，出书多少钱,http://www.pipezx.com/qiye/nlZQLG/show-40-60931.html
菏泽自费出版，出书多少钱,http://www.alibole.com/qynews/40i573.html
宝鸡绘本出版多少钱,http://www.zhiding8.com/wdzd/chubange/40/9147.html
临汾出版一本书多少钱,http://www.syiptv.com/qiye/chubange/40/12118.html
安康自费出版，出书多少钱,http://www.gxcznews.com.cn/czsx/UCM40/21184.html
通化绘本出版多少钱,http://www.51sole.com/qxynews/201809-40i23411.html
鸡西自费出版，出书多少钱,http://www.51zhantai.com/ztxw/40i41506.html
延安自费出版，出书多少钱,http://www.95gq.com/95sx/40i52829.html
扬州出版一本书多少钱,http://www.hb114.cc/hbxw/40/34391.html
绵阳绘本出版多少钱,http://www.qqbb120.com/2018/0340/43181.html
保山绘本出版多少钱,http://www.ijntv.cn/info/40i70228.html
西宁绘本出版多少钱,http://www.taojindi.com/wdjd/40j51259.html
云浮绘本出版多少钱,http://www.nongcun5.com/sell/news/40/68549.html
晋城绘本出版多少钱,http://ent.ijntv.cn/flzx/chubange-jnnews/40/24172.html
赣州绘本出版多少钱,http://www.jiankangad.com/show-40-47496.html
固原出版一本书多少钱,http://www.baike.com/info/b5dnG/article-40-45709.html
丽江出书费用,http://www.hb114.cc/hbsx/40/32497.html
阜新出书费用,http://www.chndsnews.com/dszx/LeL63s/show40-56720.html
北海自费出版，出书多少钱,http://www.shuyang.tv/fenlei/chubange/40/62426.html
宜春自费出版，出书多少钱,http://www.zgmuye.com/info/chubange/40/66647.html
资阳出书费用,http://life.ijntv.cn/wdsw/show-40-49574.html
铜仁自费出版，出书多少钱,http://www.hyb2b.com/show-40-6247.html
防城港绘本出版多少钱,http://www.fa160.com/show-40-24585.html
衡水出版一本书多少钱,http://www.yz88.cn/info/M8WffV-show-40i69237.html
贺州出书费用,http://www.pipezx.com/qiye/nlZQLG/show-40-60922.html
商丘出版一本书多少钱,http://www.alibole.com/qynews/40i564.html
贵港绘本出版多少钱,http://www.zhiding8.com/wdzd/chubange/40/9137.html
绥化出书费用,http://www.syiptv.com/qiye/chubange/40/12107.html
三沙出书费用,http://b2b.baike.com/nWGV6E/article-40-9782.html
荆州出书费用,http://www.gxcznews.com.cn/czsx/UCM40/21173.html
内江出书费用,http://www.51sole.com/qxynews/201809-40i23401.html
洛阳绘本出版多少钱,http://www.51zhantai.com/ztxw/40i41496.html
济宁出版一本书多少钱,http://www.95gq.com/95sx/40i52819.html
桂林出版一本书多少钱,http://www.hb114.cc/hbxw/40/34381.html
柳州出版一本书多少钱,http://www.qqbb120.com/2018/0340/43171.html
吕梁出版一本书多少钱,http://www.ijntv.cn/info/40i70216.html
海东自费出版，出书多少钱,http://www.taojindi.com/wdjd/40j51247.html
阳泉出书费用,http://www.nongcun5.com/sell/news/40/68537.html
曲靖自费出版，出书多少钱,http://ent.ijntv.cn/flzx/chubange-jnnews/40/24160.html
吉安绘本出版多少钱,http://www.jiankangad.com/show-40-47485.html
台州出书费用,http://www.baike.com/info/b5dnG/article-40-45698.html
菏泽绘本出版多少钱,http://www.hb114.cc/hbsx/40/32486.html
芜湖出书费用,http://www.chndsnews.com/dszx/LeL63s/show40-56708.html
大同自费出版，出书多少钱,http://www.shuyang.tv/fenlei/chubange/40/62414.html
成都出书费用,http://www.zgmuye.com/info/chubange/40/66636.html
莱芜出版一本书多少钱,http://life.ijntv.cn/wdsw/show-40-49565.html
天津绘本出版多少钱,http://www.hyb2b.com/show-40-6238.html
长春自费出版，出书多少钱,http://www.fa160.com/show-40-24575.html
淮安自费出版，出书多少钱,http://www.yz88.cn/info/M8WffV-show-40i69226.html
德州绘本出版多少钱,http://www.pipezx.com/qiye/nlZQLG/show-40-60912.html
崇左绘本出版多少钱,http://www.alibole.com/qynews/40i555.html
鹰潭绘本出版多少钱,http://www.zhiding8.com/wdzd/chubange/40/9128.html
衢州自费出版，出书多少钱,http://www.syiptv.com/qiye/chubange/40/12098.html
临沂出版一本书多少钱,http://b2b.baike.com/nWGV6E/article-40-9772.html
青岛绘本出版多少钱,http://www.gxcznews.com.cn/czsx/UCM40/21164.html
宿迁自费出版，出书多少钱,http://www.51sole.com/qxynews/201809-40i23391.html
葫芦岛自费出版，出书多少钱,http://www.51zhantai.com/ztxw/40i41485.html
安庆绘本出版多少钱,http://www.95gq.com/95sx/40i52809.html
淮安绘本出版多少钱,http://www.hb114.cc/hbxw/40/34371.html
遵义出版一本书多少钱,http://www.qqbb120.com/2018/0340/43161.html
运城出书费用,http://www.ijntv.cn/info/40i70207.html
台州绘本出版多少钱,http://www.taojindi.com/wdjd/40j51237.html
商洛出版一本书多少钱,http://www.nongcun5.com/sell/news/40/68529.html
商洛绘本出版多少钱,http://ent.ijntv.cn/flzx/chubange-jnnews/40/24151.html
嘉峪关出书费用,http://www.jiankangad.com/show-40-47475.html
广安出书费用,http://www.baike.com/info/b5dnG/article-40-45688.html
抚州自费出版，出书多少钱,http://www.hb114.cc/hbsx/40/32476.html
百色自费出版，出书多少钱,http://www.chndsnews.com/dszx/LeL63s/show40-56697.html
雅安出书费用,http://www.shuyang.tv/fenlei/chubange/40/62403.html
宿州绘本出版多少钱,http://www.zgmuye.com/info/chubange/40/66624.html
乌海自费出版，出书多少钱,http://life.ijntv.cn/wdsw/show-40-49553.html
阜阳出版一本书多少钱,http://www.hyb2b.com/show-40-6227.html
淮安出版一本书多少钱,http://www.fa160.com/show-40-24564.html
周口出版一本书多少钱,http://www.yz88.cn/info/M8WffV-show-40i69215.html
银川绘本出版多少钱,http://www.pipezx.com/qiye/nlZQLG/show-40-60901.html
大连出书费用,http://www.alibole.com/qynews/40i543.html
荆州自费出版，出书多少钱,http://www.zhiding8.com/wdzd/chubange/40/9115.html
永州出版一本书多少钱,http://www.syiptv.com/qiye/chubange/40/12087.html
许昌绘本出版多少钱,http://b2b.baike.com/nWGV6E/article-40-9762.html
宿州自费出版，出书多少钱,http://www.gxcznews.com.cn/czsx/UCM40/21152.html
定西自费出版，出书多少钱,http://www.51sole.com/qxynews/201809-40i23380.html
漳州自费出版，出书多少钱,http://www.51zhantai.com/ztxw/40i41475.html
平凉出版一本书多少钱,http://www.95gq.com/95sx/40i52800.html
昆明自费出版，出书多少钱,http://www.hb114.cc/hbxw/40/34362.html
徐州出版一本书多少钱,http://www.qqbb120.com/2018/0340/43152.html
黑河绘本出版多少钱,http://www.ijntv.cn/info/40i70196.html
防城港出书费用,http://www.taojindi.com/wdjd/40j51228.html
秦皇岛出版一本书多少钱,http://www.nongcun5.com/sell/news/40/68518.html
孝感出书费用,http://ent.ijntv.cn/flzx/chubange-jnnews/40/24142.html
九江自费出版，出书多少钱,http://www.jiankangad.com/show-40-47465.html
日照绘本出版多少钱,http://www.baike.com/info/b5dnG/article-40-45678.html
宣城出书费用,http://www.hb114.cc/hbsx/40/32466.html
舟山出版一本书多少钱,http://www.chndsnews.com/dszx/LeL63s/show40-56687.html
六盘水出书费用,http://www.shuyang.tv/fenlei/chubange/40/62394.html
固原绘本出版多少钱,http://www.zgmuye.com/info/chubange/40/66616.html
黑河出书费用,http://life.ijntv.cn/wdsw/show-40-49544.html
南昌出书费用,http://www.hyb2b.com/show-40-6217.html
洛阳自费出版，出书多少钱,http://www.fa160.com/show-40-24554.html
西安绘本出版多少钱,http://www.yz88.cn/info/M8WffV-show-40i69204.html
河池绘本出版多少钱,http://www.pipezx.com/qiye/nlZQLG/show-40-60893.html
铜川出版一本书多少钱,http://www.alibole.com/qynews/40i535.html
南昌绘本出版多少钱,http://www.zbnews.net/qysx/chubange/show-40-7411.html
重庆出书费用,http://www.zhiding8.com/wdzd/chubange/40/9106.html
厦门出书费用,http://www.syiptv.com/qiye/chubange/40/12076.html
常州出版一本书多少钱,http://b2b.baike.com/nWGV6E/article-40-9752.html
莆田出版一本书多少钱,http://www.gxcznews.com.cn/czsx/UCM40/21141.html
铜陵出版一本书多少钱,http://www.51sole.com/qxynews/201809-40i23369.html
鞍山出书费用,http://www.51zhantai.com/ztxw/40i41463.html
聊城绘本出版多少钱,http://www.95gq.com/95sx/40i52787.html
呼和浩特自费出版，出书多少钱,http://www.hb114.cc/hbxw/40/34350.html
吉安自费出版，出书多少钱,http://www.qqbb120.com/2018/0340/43140.html
张家界绘本出版多少钱,http://www.ijntv.cn/info/40i70183.html
定西绘本出版多少钱,http://www.taojindi.com/wdjd/40j51214.html
杭州自费出版，出书多少钱,http://www.nongcun5.com/sell/news/40/68504.html
乌兰察布出版一本书多少钱,http://ent.ijntv.cn/flzx/chubange-jnnews/40/24129.html
嘉兴绘本出版多少钱,http://www.jiankangad.com/show-40-47450.html
三明出版一本书多少钱,http://www.baike.com/info/b5dnG/article-40-45671.html
长春出书费用,http://www.hb114.cc/hbsx/40/32450.html
贵阳出书费用,http://www.chndsnews.com/dszx/LeL63s/show40-56668.html
莱芜绘本出版多少钱,http://www.shuyang.tv/fenlei/chubange/40/62374.html
日喀则出书费用,http://www.zgmuye.com/info/chubange/40/66596.html
乌海绘本出版多少钱,http://life.ijntv.cn/wdsw/show-40-49523.html
潮州自费出版，出书多少钱,http://www.hyb2b.com/show-40-6196.html
威海自费出版，出书多少钱,http://www.fa160.com/show-40-24533.html
崇左自费出版，出书多少钱,http://www.yz88.cn/info/M8WffV-show-40i69182.html
成都绘本出版多少钱,http://www.pipezx.com/qiye/nlZQLG/show-40-60874.html
嘉峪关自费出版，出书多少钱,http://www.alibole.com/qynews/40i516.html
焦作出书费用,http://www.zbnews.net/qysx/chubange/show-40-7391.html
湖州出版一本书多少钱,http://www.zhiding8.com/wdzd/chubange/40/9086.html
铜仁出书费用,http://www.syiptv.com/qiye/chubange/40/12057.html
株洲出书费用,http://www.gxcznews.com.cn/czsx/UCM40/21122.html
桂林自费出版，出书多少钱,http://www.51sole.com/qxynews/201809-40i23351.html
包头出书费用,http://www.51zhantai.com/ztxw/40i41445.html
襄樊出版一本书多少钱,http://www.95gq.com/95sx/40i52768.html
石家庄绘本出版多少钱,http://www.hb114.cc/hbxw/40/34330.html
天水自费出版，出书多少钱,http://www.qqbb120.com/2018/0340/43121.html
嘉兴自费出版，出书多少钱,http://www.ijntv.cn/info/40i70165.html
长治出版一本书多少钱,http://www.taojindi.com/wdjd/40j51196.html
莆田自费出版，出书多少钱,http://www.nongcun5.com/sell/news/40/68486.html
咸阳绘本出版多少钱,http://ent.ijntv.cn/flzx/chubange-jnnews/40/24111.html
三亚出版一本书多少钱,http://www.jiankangad.com/show-40-47434.html
咸阳出书费用,http://www.hb114.cc/hbsx/40/32433.html
庆阳出版一本书多少钱,http://www.chndsnews.com/dszx/LeL63s/show40-56652.html
巴中出版一本书多少钱,http://www.shuyang.tv/fenlei/chubange/40/62357.html
普洱出书费用,http://www.zgmuye.com/info/chubange/40/66578.html
宜昌出版一本书多少钱,http://life.ijntv.cn/wdsw/show-40-49506.html
临沧出版一本书多少钱,http://www.hyb2b.com/show-40-6180.html
攀枝花绘本出版多少钱,http://www.fa160.com/show-40-24517.html
巴中绘本出版多少钱,http://www.yz88.cn/info/M8WffV-show-40i69167.html
宁德绘本出版多少钱,http://www.pipezx.com/qiye/nlZQLG/show-40-60860.html
沧州绘本出版多少钱,http://www.alibole.com/qynews/40i502.html
信阳出版一本书多少钱,http://www.zhiding8.com/wdzd/chubange/40/9072.html
秦皇岛自费出版，出书多少钱,http://www.syiptv.com/qiye/chubange/40/12042.html
南阳绘本出版多少钱,http://www.gxcznews.com.cn/czsx/UCM40/21107.html
通辽自费出版，出书多少钱,http://www.51sole.com/qxynews/201809-40i23337.html
珠海出书费用,http://www.51zhantai.com/ztxw/40i41431.html
揭阳自费出版，出书多少钱,http://www.95gq.com/95sx/40i52754.html
日照出书费用,http://www.hb114.cc/hbxw/40/34316.html
乌兰察布出书费用,http://www.qqbb120.com/2018/0340/43106.html
绵阳出书费用,http://www.ijntv.cn/info/40i70148.html
滨州自费出版，出书多少钱,http://www.taojindi.com/wdjd/40j51181.html
固原出书费用,http://www.nongcun5.com/sell/news/40/68471.html
天水绘本出版多少钱,http://ent.ijntv.cn/flzx/chubange-jnnews/40/24097.html
伊春出版一本书多少钱,http://www.jiankangad.com/show-40-47419.html
扬州出书费用,http://www.baike.com/info/b5dnG/article-40-45654.html
遂宁出书费用,http://www.hb114.cc/hbsx/40/32419.html
佛山出书费用,http://www.chndsnews.com/dszx/LeL63s/show40-56637.html
南昌出版一本书多少钱,http://www.shuyang.tv/fenlei/chubange/40/62343.html
景德镇自费出版，出书多少钱,http://www.zgmuye.com/info/chubange/40/66564.html
台州出版一本书多少钱,http://life.ijntv.cn/wdsw/show-40-49494.html
衢州绘本出版多少钱,http://www.hyb2b.com/show-40-6167.html
荆门绘本出版多少钱,http://www.fa160.com/show-40-24504.html
盘锦自费出版，出书多少钱,http://www.yz88.cn/info/M8WffV-show-40i69152.html
本溪出版一本书多少钱,http://www.pipezx.com/qiye/nlZQLG/show-40-60847.html
滁州出书费用,http://www.alibole.com/qynews/40i489.html
长沙自费出版，出书多少钱,http://www.zbnews.net/qysx/chubange/show-40-7388.html
柳州自费出版，出书多少钱,http://www.zhiding8.com/wdzd/chubange/40/9057.html
内江出版一本书多少钱,http://www.syiptv.com/qiye/chubange/40/12027.html
深圳出书费用,http://www.gxcznews.com.cn/czsx/UCM40/21092.html
新余绘本出版多少钱,http://www.51sole.com/qxynews/201809-40i23324.html
白城自费出版，出书多少钱,http://www.51zhantai.com/ztxw/40i41419.html
梧州出版一本书多少钱,http://www.95gq.com/95sx/40i52742.html
丽水出书费用,http://www.hb114.cc/hbxw/40/34304.html
抚顺出版一本书多少钱,http://www.qqbb120.com/2018/0340/43093.html
潍坊自费出版，出书多少钱,http://www.ijntv.cn/info/40i70134.html
赤峰自费出版，出书多少钱,http://www.taojindi.com/wdjd/40j51165.html
通辽绘本出版多少钱,http://www.nongcun5.com/sell/news/40/68456.html
十堰出书费用,http://ent.ijntv.cn/flzx/chubange-jnnews/40/24084.html
惠州绘本出版多少钱,http://www.jiankangad.com/show-40-47408.html
德州出书费用,http://www.hb114.cc/hbsx/40/32407.html
许昌自费出版，出书多少钱,http://www.chndsnews.com/dszx/LeL63s/show40-56624.html
宜春出版一本书多少钱,http://www.shuyang.tv/fenlei/chubange/40/62330.html
郴州绘本出版多少钱,http://www.zgmuye.com/info/chubange/40/66549.html
汕尾出版一本书多少钱,http://life.ijntv.cn/wdsw/show-40-49481.html
海口出书费用,http://www.hyb2b.com/show-40-6154.html
玉溪出版一本书多少钱,http://www.fa160.com/show-40-24491.html
韶关出书费用,http://www.yz88.cn/info/M8WffV-show-40i69138.html
黄石绘本出版多少钱,http://www.pipezx.com/qiye/nlZQLG/show-40-60834.html
保定绘本出版多少钱,http://www.alibole.com/qynews/40i476.html
绍兴自费出版，出书多少钱,http://www.zbnews.net/qysx/chubange/show-40-7375.html
宝鸡出版一本书多少钱,http://www.zhiding8.com/wdzd/chubange/40/9043.html
威海出书费用,http://www.syiptv.com/qiye/chubange/40/12013.html
莱芜出书费用,http://b2b.baike.com/nWGV6E/article-40-9737.html
唐山出书费用,http://www.gxcznews.com.cn/czsx/UCM40/21078.html
孝感自费出版，出书多少钱,http://www.51sole.com/qxynews/201809-40i23310.html
九江绘本出版多少钱,http://www.51zhantai.com/ztxw/40i41404.html
绵阳自费出版，出书多少钱,http://www.95gq.com/95sx/40i52727.html
营口出版一本书多少钱,http://www.hb114.cc/hbxw/40/34289.html
石家庄自费出版，出书多少钱,http://www.qqbb120.com/2018/0340/43079.html
遂宁出版一本书多少钱,http://www.ijntv.cn/info/40i70119.html
惠州出书费用,http://www.taojindi.com/wdjd/40j51151.html
汕尾出书费用,http://www.nongcun5.com/sell/news/40/68442.html
武汉自费出版，出书多少钱,http://ent.ijntv.cn/flzx/chubange-jnnews/40/24072.html
大连自费出版，出书多少钱,http://www.jiankangad.com/show-40-47395.html
榆林出书费用,http://www.hb114.cc/hbsx/40/32394.html
江门绘本出版多少钱,http://www.chndsnews.com/dszx/LeL63s/show40-56611.html
安阳自费出版，出书多少钱,http://www.shuyang.tv/fenlei/chubange/40/62317.html
银川自费出版，出书多少钱,http://www.zgmuye.com/info/chubange/40/66538.html
吉安出书费用,http://life.ijntv.cn/wdsw/show-40-49471.html
西宁出版一本书多少钱,http://www.hyb2b.com/show-40-6144.html
柳州绘本出版多少钱,http://www.fa160.com/show-40-24481.html
包头出版一本书多少钱,http://www.yz88.cn/info/M8WffV-show-40i69129.html
运城绘本出版多少钱,http://www.pipezx.com/qiye/nlZQLG/show-40-60825.html
玉林绘本出版多少钱,http://www.alibole.com/qynews/40i467.html
衡水绘本出版多少钱,http://www.zbnews.net/qysx/chubange/show-40-7366.html
遂宁自费出版，出书多少钱,http://www.zhiding8.com/wdzd/chubange/40/9035.html
拉萨绘本出版多少钱,http://www.syiptv.com/qiye/chubange/40/12005.html
聊城出版一本书多少钱,http://b2b.baike.com/nWGV6E/article-40-9729.html
南通出版一本书多少钱,http://www.gxcznews.com.cn/czsx/UCM40/21071.html
辽阳绘本出版多少钱,http://www.51sole.com/qxynews/201809-40i23303.html
河池自费出版，出书多少钱,http://www.51zhantai.com/ztxw/40i41397.html
银川出版一本书多少钱,http://www.95gq.com/95sx/40i52720.html
葫芦岛绘本出版多少钱,http://www.hb114.cc/hbxw/40/34283.html
上海绘本出版多少钱,http://www.qqbb120.com/2018/0340/43073.html
日照自费出版，出书多少钱,http://www.ijntv.cn/info/40i70113.html
云浮自费出版，出书多少钱,http://www.taojindi.com/wdjd/40j51144.html
淮北出版一本书多少钱,http://www.nongcun5.com/sell/news/40/68434.html
宣城自费出版，出书多少钱,http://ent.ijntv.cn/flzx/chubange-jnnews/40/24062.html
济宁出书费用,http://www.jiankangad.com/show-40-47385.html
肇庆出书费用,http://www.hb114.cc/hbsx/40/32385.html
辽阳出版一本书多少钱,http://www.chndsnews.com/dszx/LeL63s/show40-56602.html
成都自费出版，出书多少钱,http://www.shuyang.tv/fenlei/chubange/40/62308.html
运城自费出版，出书多少钱,http://www.zgmuye.com/info/chubange/40/66529.html
嘉兴出书费用,http://life.ijntv.cn/wdsw/show-40-49462.html
太原绘本出版多少钱,http://www.hyb2b.com/show-40-6135.html
芜湖出版一本书多少钱,http://www.fa160.com/show-40-24472.html
肇庆绘本出版多少钱,http://www.yz88.cn/info/M8WffV-show-40i69118.html
呼伦贝尔自费出版，出书多少钱,http://www.pipezx.com/qiye/nlZQLG/show-40-60819.html
双鸭山绘本出版多少钱,http://www.alibole.com/qynews/40i461.html
南宁出版一本书多少钱,http://www.zbnews.net/qysx/chubange/show-40-7360.html
抚顺出书费用,http://www.zhiding8.com/wdzd/chubange/40/9027.html
黄冈绘本出版多少钱,http://www.syiptv.com/qiye/chubange/40/11997.html
秦皇岛绘本出版多少钱,http://b2b.baike.com/nWGV6E/article-40-9722.html
苏州绘本出版多少钱,http://www.gxcznews.com.cn/czsx/UCM40/21062.html
牡丹江自费出版，出书多少钱,http://www.51sole.com/qxynews/201809-40i23295.html
平顶山自费出版，出书多少钱,http://www.51zhantai.com/ztxw/40i41390.html
太原自费出版，出书多少钱,http://www.95gq.com/95sx/40i52713.html
襄樊绘本出版多少钱,http://www.hb114.cc/hbxw/40/34275.html
昆明绘本出版多少钱,http://www.qqbb120.com/2018/0340/43065.html
昭通出书费用,http://www.ijntv.cn/info/40i70105.html
宜宾出版一本书多少钱,http://www.taojindi.com/wdjd/40j51136.html
开封出版一本书多少钱,http://www.nongcun5.com/sell/news/40/68426.html
景德镇出书费用,http://ent.ijntv.cn/flzx/chubange-jnnews/40/24055.html
乐山绘本出版多少钱,http://www.jiankangad.com/show-40-47377.html
晋中出书费用,http://www.hb114.cc/hbsx/40/32376.html
四平出版一本书多少钱,http://www.chndsnews.com/dszx/LeL63s/show40-56592.html
朔州出书费用,http://www.shuyang.tv/fenlei/chubange/40/62299.html
成都出版一本书多少钱,http://www.zgmuye.com/info/chubange/40/66520.html
大连出版一本书多少钱,http://life.ijntv.cn/wdsw/show-40-49454.html
宁德出书费用,http://www.hyb2b.com/show-40-6128.html
晋中绘本出版多少钱,http://www.fa160.com/show-40-24465.html
六安绘本出版多少钱,http://www.yz88.cn/info/M8WffV-show-40i69111.html
绥化绘本出版多少钱,http://www.pipezx.com/qiye/nlZQLG/show-40-60813.html
信阳绘本出版多少钱,http://www.alibole.com/qynews/40i455.html
益阳出版一本书多少钱,http://www.zbnews.net/qysx/chubange/show-40-7354.html
济南出书费用,http://www.zhiding8.com/wdzd/chubange/40/9021.html
汕尾绘本出版多少钱,http://www.syiptv.com/qiye/chubange/40/11991.html
三门峡出版一本书多少钱,http://b2b.baike.com/nWGV6E/article-40-9716.html
河源自费出版，出书多少钱,http://www.gxcznews.com.cn/czsx/UCM40/21056.html
岳阳自费出版，出书多少钱,http://www.51sole.com/qxynews/201809-40i23289.html
张掖出版一本书多少钱,http://www.51zhantai.com/ztxw/40i41383.html
玉林自费出版，出书多少钱,http://www.95gq.com/95sx/40i52706.html
赤峰绘本出版多少钱,http://www.hb114.cc/hbxw/40/34268.html
汉中自费出版，出书多少钱,http://www.qqbb120.com/2018/0340/43059.html
临汾自费出版，出书多少钱,http://www.ijntv.cn/info/40i70098.html
海东绘本出版多少钱,http://www.taojindi.com/wdjd/40j51130.html
苏州出书费用,http://www.nongcun5.com/sell/news/40/68420.html
钦州自费出版，出书多少钱,http://ent.ijntv.cn/flzx/chubange-jnnews/40/24049.html
淮南自费出版，出书多少钱,http://www.jiankangad.com/show-40-47371.html
南充出版一本书多少钱,http://www.hb114.cc/hbsx/40/32370.html
汉中出书费用,http://www.chndsnews.com/dszx/LeL63s/show40-56585.html
温州出版一本书多少钱,http://www.shuyang.tv/fenlei/chubange/40/62291.html
平顶山出书费用,http://www.zgmuye.com/info/chubange/40/66513.html
渭南出书费用,http://life.ijntv.cn/wdsw/show-40-49448.html
三亚出书费用,http://www.hyb2b.com/show-40-6122.html
吉安出版一本书多少钱,http://www.fa160.com/show-40-24459.html
丽江自费出版，出书多少钱,http://www.yz88.cn/info/M8WffV-show-40i69105.html
韶关绘本出版多少钱,http://www.pipezx.com/qiye/nlZQLG/show-40-60809.html
盐城出书费用,http://www.alibole.com/qynews/40i451.html
株洲出版一本书多少钱,http://www.zbnews.net/qysx/chubange/show-40-7350.html
金华出版一本书多少钱,http://www.zhiding8.com/wdzd/chubange/40/9017.html
临汾绘本出版多少钱,http://www.syiptv.com/qiye/chubange/40/11987.html
潍坊出书费用,http://www.gxcznews.com.cn/czsx/UCM40/21052.html
崇左出版一本书多少钱,http://www.51sole.com/qxynews/201809-40i23285.html
聊城自费出版，出书多少钱,http://www.51zhantai.com/ztxw/40i41380.html
南通自费出版，出书多少钱,http://www.95gq.com/95sx/40i52703.html
昭通绘本出版多少钱,http://www.hb114.cc/hbxw/40/34265.html
眉山出书费用,http://www.qqbb120.com/2018/0340/43055.html
鞍山自费出版，出书多少钱,http://www.ijntv.cn/info/40i70094.html
池州绘本出版多少钱,http://www.taojindi.com/wdjd/40j51126.html
哈尔滨出版一本书多少钱,http://www.nongcun5.com/sell/news/40/68416.html
衡水出书费用,http://ent.ijntv.cn/flzx/chubange-jnnews/40/24045.html
湖州出书费用,http://www.jiankangad.com/show-40-47367.html
揭阳出版一本书多少钱,http://www.baike.com/info/b5dnG/article-40-45628.html
鞍山出版一本书多少钱,http://www.hb114.cc/hbsx/40/32365.html
张家口出书费用,http://www.chndsnews.com/dszx/LeL63s/show40-56580.html
常德出版一本书多少钱,http://www.shuyang.tv/fenlei/chubange/40/62286.html
湘潭出书费用,http://www.zgmuye.com/info/chubange/40/66508.html
伊春自费出版，出书多少钱,http://life.ijntv.cn/wdsw/show-40-49443.html
邵阳出书费用,http://www.hyb2b.com/show-40-6117.html
自贡绘本出版多少钱,http://www.fa160.com/show-40-24454.html
呼和浩特出版一本书多少钱,http://www.yz88.cn/info/M8WffV-show-40i69101.html
烟台出书费用,http://www.pipezx.com/qiye/nlZQLG/show-40-60804.html
黄石自费出版，出书多少钱,http://www.alibole.com/qynews/40i446.html
天津出版一本书多少钱,http://www.zhiding8.com/wdzd/chubange/40/9012.html
景德镇绘本出版多少钱,http://www.syiptv.com/qiye/chubange/40/11982.html
黑河自费出版，出书多少钱,http://www.gxcznews.com.cn/czsx/UCM40/21048.html
益阳自费出版，出书多少钱,http://www.51sole.com/qxynews/201809-40i23281.html
达州出书费用,http://www.51zhantai.com/ztxw/40i41375.html
张家口自费出版，出书多少钱,http://www.95gq.com/95sx/40i52699.html
滁州自费出版，出书多少钱,http://www.hb114.cc/hbxw/40/34261.html
陇南绘本出版多少钱,http://www.qqbb120.com/2018/0340/43051.html
四平出书费用,http://www.ijntv.cn/info/40i70090.html
随州出书费用,http://www.taojindi.com/wdjd/40j51122.html
朝阳绘本出版多少钱,http://www.nongcun5.com/sell/news/40/68413.html
廊坊绘本出版多少钱,http://ent.ijntv.cn/flzx/chubange-jnnews/40/24042.html
乐山出书费用,http://www.jiankangad.com/show-40-47364.html
自贡出书费用,http://www.hb114.cc/hbsx/40/32362.html
铁岭自费出版，出书多少钱,http://www.chndsnews.com/dszx/LeL63s/show40-56578.html
黄山绘本出版多少钱,http://www.shuyang.tv/fenlei/chubange/40/62284.html
鹤壁出书费用,http://www.zgmuye.com/info/chubange/40/66505.html
南通出书费用,http://life.ijntv.cn/wdsw/show-40-49439.html
长春出版一本书多少钱,http://www.hyb2b.com/show-40-6114.html
忻州出版一本书多少钱,http://www.fa160.com/show-40-24451.html
三明出书费用,http://www.yz88.cn/info/M8WffV-show-40i69098.html
上饶出版一本书多少钱,http://www.pipezx.com/qiye/nlZQLG/show-40-60801.html
清远自费出版，出书多少钱,http://www.alibole.com/qynews/40i443.html
抚顺绘本出版多少钱,http://www.zhiding8.com/wdzd/chubange/40/9009.html
牡丹江绘本出版多少钱,http://www.syiptv.com/qiye/chubange/40/11979.html
南平出版一本书多少钱,http://www.gxcznews.com.cn/czsx/UCM40/21045.html
洛阳出版一本书多少钱,http://www.51sole.com/qxynews/201809-40i23278.html
巴彦淖尔自费出版，出书多少钱,http://www.51zhantai.com/ztxw/40i41372.html
金昌出版一本书多少钱,http://www.95gq.com/95sx/40i52696.html
盘锦绘本出版多少钱,http://www.hb114.cc/hbxw/40/34258.html
江门自费出版，出书多少钱,http://www.qqbb120.com/2018/0340/43048.html
亳州出书费用,http://www.ijntv.cn/info/40i70087.html
驻马店绘本出版多少钱,http://www.taojindi.com/wdjd/40j51119.html
晋中自费出版，出书多少钱,http://www.nongcun5.com/sell/news/40/68410.html
白城绘本出版多少钱,http://ent.ijntv.cn/flzx/chubange-jnnews/40/24039.html
丽江绘本出版多少钱,http://www.jiankangad.com/show-40-47361.html
太原出书费用,http://www.baike.com/info/b5dnG/article-40-45626.html
淄博绘本出版多少钱,http://www.hb114.cc/hbsx/40/32359.html
金华出书费用,http://www.chndsnews.com/dszx/LeL63s/show40-56575.html
百色出书费用,http://www.shuyang.tv/fenlei/chubange/40/62281.html
佳木斯出版一本书多少钱,http://www.zgmuye.com/info/chubange/40/66502.html
宜春出书费用,http://life.ijntv.cn/wdsw/show-40-49436.html
佳木斯出书费用,http://www.hyb2b.com/show-40-6110.html
茂名自费出版，出书多少钱,http://www.fa160.com/show-40-24448.html
酒泉自费出版，出书多少钱,http://www.yz88.cn/info/M8WffV-show-40i69095.html
东莞出版一本书多少钱,http://www.pipezx.com/qiye/nlZQLG/show-40-60798.html
大连绘本出版多少钱,http://www.alibole.com/qynews/40i440.html
阳江自费出版，出书多少钱,http://www.zhiding8.com/wdzd/chubange/40/9006.html
衢州出书费用,http://www.syiptv.com/qiye/chubange/40/11976.html
遵义自费出版，出书多少钱,http://www.gxcznews.com.cn/czsx/UCM40/21042.html
广安绘本出版多少钱,http://www.51sole.com/qxynews/201809-40i23275.html
辽源出书费用,http://www.51zhantai.com/ztxw/40i41369.html
天水出书费用,http://www.95gq.com/95sx/40i52693.html
通化出书费用,http://www.hb114.cc/hbxw/40/34255.html
齐齐哈尔出版一本书多少钱,http://www.qqbb120.com/2018/0340/43045.html
淄博自费出版，出书多少钱,http://www.ijntv.cn/info/40i70084.html
渭南出版一本书多少钱,http://www.taojindi.com/wdjd/40j51116.html
三明自费出版，出书多少钱,http://www.nongcun5.com/sell/news/40/68407.html
新余出书费用,http://ent.ijntv.cn/flzx/chubange-jnnews/40/24037.html
临沧绘本出版多少钱,http://www.jiankangad.com/show-40-47359.html
深圳绘本出版多少钱,http://www.baike.com/info/b5dnG/article-40-45624.html
珠海自费出版，出书多少钱,http://www.hb114.cc/hbsx/40/32357.html
巴中自费出版，出书多少钱,http://www.chndsnews.com/dszx/LeL63s/show40-56572.html
本溪自费出版，出书多少钱,http://www.shuyang.tv/fenlei/chubange/40/62279.html
杭州出书费用,http://www.zgmuye.com/info/chubange/40/66500.html
云浮出书费用,http://life.ijntv.cn/wdsw/show-40-49434.html
梅州出版一本书多少钱,http://www.hyb2b.com/show-40-6108.html
七台河出版一本书多少钱,http://www.fa160.com/show-40-24446.html
陇南出版一本书多少钱,http://www.yz88.cn/info/M8WffV-show-40i69094.html
大庆自费出版，出书多少钱,http://www.pipezx.com/qiye/nlZQLG/show-40-60797.html
温州出书费用,http://www.alibole.com/qynews/40i439.html
郑州自费出版，出书多少钱,http://www.zhiding8.com/wdzd/chubange/40/9005.html
延安绘本出版多少钱,http://www.syiptv.com/qiye/chubange/40/11975.html
淮安出书费用,http://www.gxcznews.com.cn/czsx/UCM40/21041.html
榆林出版一本书多少钱,http://www.51sole.com/qxynews/201809-40i23274.html
忻州出书费用,http://www.51zhantai.com/ztxw/40i41368.html
武威出书费用,http://www.95gq.com/95sx/40i52691.html
合肥出书费用,http://www.hb114.cc/hbxw/40/34253.html
日喀则出版一本书多少钱,http://www.qqbb120.com/2018/0340/43043.html
吕梁出书费用,http://www.ijntv.cn/info/40i70082.html
宿迁出版一本书多少钱,http://www.taojindi.com/wdjd/40j51114.html
鸡西出版一本书多少钱,http://www.nongcun5.com/sell/news/40/68405.html
鹤壁绘本出版多少钱,http://ent.ijntv.cn/flzx/chubange-jnnews/40/24034.html
邢台自费出版，出书多少钱,http://www.jiankangad.com/show-40-47356.html
徐州自费出版，出书多少钱,http://www.hb114.cc/hbsx/40/32354.html
鄂州自费出版，出书多少钱,http://www.chndsnews.com/dszx/LeL63s/show40-56569.html
岳阳绘本出版多少钱,http://www.shuyang.tv/fenlei/chubange/40/62276.html
桂林绘本出版多少钱,http://www.zgmuye.com/info/chubange/40/66498.html
北京出书费用,http://life.ijntv.cn/wdsw/show-40-49432.html
娄底出版一本书多少钱,http://www.hyb2b.com/show-40-6106.html
保定出书费用,http://www.fa160.com/show-40-24443.html
北海绘本出版多少钱,http://www.yz88.cn/info/M8WffV-show-40i69090.html
南充自费出版，出书多少钱,http://www.pipezx.com/qiye/nlZQLG/show-40-60794.html
中卫绘本出版多少钱,http://www.alibole.com/qynews/40i436.html
七台河自费出版，出书多少钱,http://www.zhiding8.com/wdzd/chubange/40/9002.html
辽阳自费出版，出书多少钱,http://www.syiptv.com/qiye/chubange/40/11972.html
河池出版一本书多少钱,http://www.gxcznews.com.cn/czsx/UCM40/21038.html
通化出版一本书多少钱,http://www.51sole.com/qxynews/201809-40i23271.html
昌都出版一本书多少钱,http://www.51zhantai.com/ztxw/40i41365.html
阜新绘本出版多少钱,http://www.95gq.com/95sx/40i52688.html
铁岭绘本出版多少钱,http://www.hb114.cc/hbxw/40/34250.html
贺州绘本出版多少钱,http://www.qqbb120.com/2018/0340/43040.html
海口自费出版，出书多少钱,http://www.ijntv.cn/info/40i70079.html
邢台出版一本书多少钱,http://www.taojindi.com/wdjd/40j51111.html
中卫出书费用,http://www.nongcun5.com/sell/news/40/68402.html
菏泽出版一本书多少钱,http://ent.ijntv.cn/flzx/chubange-jnnews/40/24031.html
晋中出版一本书多少钱,http://www.jiankangad.com/show-40-47353.html
安康出书费用,http://www.hb114.cc/hbsx/40/32351.html
萍乡出书费用,http://www.chndsnews.com/dszx/LeL63s/show40-56566.html
泸州自费出版，出书多少钱,http://www.shuyang.tv/fenlei/chubange/40/62273.html
绍兴出版一本书多少钱,http://www.zgmuye.com/info/chubange/40/66495.html
金华绘本出版多少钱,http://life.ijntv.cn/wdsw/show-40-49429.html
毕节出版一本书多少钱,http://www.hyb2b.com/show-40-6103.html
固原自费出版，出书多少钱,http://www.fa160.com/show-40-24440.html
南平出书费用,http://www.yz88.cn/info/M8WffV-show-40i69087.html
周口绘本出版多少钱,http://www.pipezx.com/qiye/nlZQLG/show-40-60791.html
商丘出书费用,http://www.alibole.com/qynews/40i434.html
阳泉绘本出版多少钱,http://www.zhiding8.com/wdzd/chubange/40/9000.html
亳州出版一本书多少钱,http://www.syiptv.com/qiye/chubange/40/11970.html
毕节出书费用,http://www.gxcznews.com.cn/czsx/UCM40/21036.html
广州出版一本书多少钱,http://www.51sole.com/qxynews/201809-40i23269.html
承德出书费用,http://www.51zhantai.com/ztxw/40i41363.html
益阳绘本出版多少钱,http://www.95gq.com/95sx/40i52686.html
平凉出书费用,http://www.hb114.cc/hbxw/40/34248.html
北海出版一本书多少钱,http://www.qqbb120.com/2018/0340/43038.html
三明绘本出版多少钱,http://www.ijntv.cn/info/40i70077.html
朝阳自费出版，出书多少钱,http://www.taojindi.com/wdjd/40j51110.html
丽水出版一本书多少钱,http://www.nongcun5.com/sell/news/40/68401.html
黑河出版一本书多少钱,http://ent.ijntv.cn/flzx/chubange-jnnews/40/24030.html
莱芜自费出版，出书多少钱,http://www.jiankangad.com/show-40-47352.html
襄樊出书费用,http://www.baike.com/info/b5dnG/article-40-45620.html
百色绘本出版多少钱,http://www.hb114.cc/hbsx/40/32350.html
汕头绘本出版多少钱,http://www.chndsnews.com/dszx/LeL63s/show40-56565.html
抚州出书费用,http://www.shuyang.tv/fenlei/chubange/40/62271.html
定西出版一本书多少钱,http://www.zgmuye.com/info/chubange/40/66493.html
呼伦贝尔绘本出版多少钱,http://life.ijntv.cn/wdsw/show-40-49427.html
铜陵绘本出版多少钱,http://www.hyb2b.com/show-40-6101.html
河源出书费用,http://www.fa160.com/show-40-24438.html
泰州绘本出版多少钱,http://www.yz88.cn/info/M8WffV-show-40i69085.html
滨州出版一本书多少钱,http://www.pipezx.com/qiye/nlZQLG/show-40-60789.html
泰州出书费用,http://www.alibole.com/qynews/40i431.html
泉州自费出版，出书多少钱,http://www.zhiding8.com/wdzd/chubange/40/8997.html
茂名绘本出版多少钱,http://www.syiptv.com/qiye/chubange/40/11967.html
泸州出版一本书多少钱,http://www.gxcznews.com.cn/czsx/UCM40/21033.html
温州绘本出版多少钱,http://www.51sole.com/qxynews/201809-40i23266.html
镇江自费出版，出书多少钱,http://www.51zhantai.com/ztxw/40i41360.html
宜宾出书费用,http://www.95gq.com/95sx/40i52684.html
三沙绘本出版多少钱,http://www.hb114.cc/hbxw/40/34246.html
邯郸自费出版，出书多少钱,http://www.qqbb120.com/2018/0340/43036.html
阳江出版一本书多少钱,http://www.ijntv.cn/info/40i70075.html
嘉兴出版一本书多少钱,http://www.taojindi.com/wdjd/40j51107.html
兰州出版一本书多少钱,http://www.nongcun5.com/sell/news/40/68398.html
商丘绘本出版多少钱,http://ent.ijntv.cn/flzx/chubange-jnnews/40/24027.html
临沂自费出版，出书多少钱,http://www.jiankangad.com/show-40-47349.html
商丘自费出版，出书多少钱,http://www.baike.com/info/b5dnG/article-40-45617.html
池州出版一本书多少钱,http://www.hb114.cc/hbsx/40/32346.html
长沙出书费用,http://www.chndsnews.com/dszx/LeL63s/show40-56562.html
贵阳绘本出版多少钱,http://www.shuyang.tv/fenlei/chubange/40/62268.html
白银自费出版，出书多少钱,http://www.zgmuye.com/info/chubange/40/66489.html
池州自费出版，出书多少钱,http://life.ijntv.cn/wdsw/show-40-49424.html
永州绘本出版多少钱,http://www.hyb2b.com/show-40-6098.html
达州自费出版，出书多少钱,http://www.fa160.com/show-40-24435.html
张家界出书费用,http://www.yz88.cn/info/M8WffV-show-40i69082.html
晋城出书费用,http://www.pipezx.com/qiye/nlZQLG/show-40-60786.html
赣州出版一本书多少钱,http://www.alibole.com/qynews/40i428.html
北京绘本出版多少钱,http://www.zhiding8.com/wdzd/chubange/40/8994.html
厦门自费出版，出书多少钱,http://www.syiptv.com/qiye/chubange/40/11964.html
鸡西出书费用,http://www.gxcznews.com.cn/czsx/UCM40/21030.html
福州出书费用,http://www.51sole.com/qxynews/201809-40i23263.html
吉林出书费用,http://www.51zhantai.com/ztxw/40i41357.html
忻州绘本出版多少钱,http://www.95gq.com/95sx/40i52681.html
哈尔滨绘本出版多少钱,http://www.hb114.cc/hbxw/40/34243.html
昌都绘本出版多少钱,http://www.qqbb120.com/2018/0340/43033.html
河源绘本出版多少钱,http://www.ijntv.cn/info/40i70072.html
张家口出版一本书多少钱,http://www.taojindi.com/wdjd/40j51104.html
通辽出版一本书多少钱,http://www.nongcun5.com/sell/news/40/68395.html
南通绘本出版多少钱,http://ent.ijntv.cn/flzx/chubange-jnnews/40/24024.html
曲靖出书费用,http://www.jiankangad.com/show-40-47347.html
云浮出版一本书多少钱,http://www.hb114.cc/hbsx/40/32344.html
株洲自费出版，出书多少钱,http://www.chndsnews.com/dszx/LeL63s/show40-56560.html
济南绘本出版多少钱,http://www.shuyang.tv/fenlei/chubange/40/62266.html
巴彦淖尔出版一本书多少钱,http://www.zgmuye.com/info/chubange/40/66487.html
长春绘本出版多少钱,http://life.ijntv.cn/wdsw/show-40-49422.html
中山出版一本书多少钱,http://www.hyb2b.com/show-40-6096.html
咸宁绘本出版多少钱,http://www.fa160.com/show-40-24434.html
无锡绘本出版多少钱,http://www.yz88.cn/info/M8WffV-show-40i69081.html
酒泉出书费用,http://www.pipezx.com/qiye/nlZQLG/show-40-60785.html
蚌埠自费出版，出书多少钱,http://www.alibole.com/qynews/40i427.html
铜仁绘本出版多少钱,http://www.zhiding8.com/wdzd/chubange/40/8993.html
通化自费出版，出书多少钱,http://www.syiptv.com/qiye/chubange/40/11963.html
汕头出书费用,http://www.gxcznews.com.cn/czsx/UCM40/21029.html
庆阳自费出版，出书多少钱,http://www.51sole.com/qxynews/201809-40i23262.html
兰州绘本出版多少钱,http://www.51zhantai.com/ztxw/40i41356.html
福州绘本出版多少钱,http://www.95gq.com/95sx/40i52679.html
朝阳出书费用,http://www.hb114.cc/hbxw/40/34241.html
保定出版一本书多少钱,http://www.qqbb120.com/2018/0340/43031.html
南京自费出版，出书多少钱,http://www.ijntv.cn/info/40i70070.html
钦州出版一本书多少钱,http://www.taojindi.com/wdjd/40j51102.html
景德镇出版一本书多少钱,http://www.nongcun5.com/sell/news/40/68393.html
伊春绘本出版多少钱,http://ent.ijntv.cn/flzx/chubange-jnnews/40/24022.html
扬州自费出版，出书多少钱,http://www.jiankangad.com/show-40-47344.html
伊春出书费用,http://www.hb114.cc/hbsx/40/32341.html
白银出版一本书多少钱,http://www.chndsnews.com/dszx/LeL63s/show40-56556.html
昌都自费出版，出书多少钱,http://www.shuyang.tv/fenlei/chubange/40/62263.html
烟台出版一本书多少钱,http://www.zgmuye.com/info/chubange/40/66484.html
萍乡出版一本书多少钱,http://life.ijntv.cn/wdsw/show-40-49418.html
揭阳出书费用,http://www.hyb2b.com/show-40-6094.html
百色出版一本书多少钱,http://www.fa160.com/show-40-24431.html
毕节绘本出版多少钱,http://www.yz88.cn/info/M8WffV-show-40i69078.html
朔州自费出版，出书多少钱,http://www.pipezx.com/qiye/nlZQLG/show-40-60782.html
贵港出书费用,http://www.alibole.com/qynews/40i424.html
清远绘本出版多少钱,http://www.zbnews.net/qysx/chubange/show-40-7345.html
锦州自费出版，出书多少钱,http://www.zhiding8.com/wdzd/chubange/40/8990.html
克拉玛依出版一本书多少钱,http://www.syiptv.com/qiye/chubange/40/11960.html
北京自费出版，出书多少钱,http://b2b.baike.com/nWGV6E/article-40-9714.html
江门出版一本书多少钱,http://www.gxcznews.com.cn/czsx/UCM40/21026.html
东营自费出版，出书多少钱,http://www.51sole.com/qxynews/201809-40i23259.html
日喀则自费出版，出书多少钱,http://www.51zhantai.com/ztxw/40i41353.html
庆阳出书费用,http://www.95gq.com/95sx/40i52676.html
资阳出版一本书多少钱,http://www.hb114.cc/hbxw/40/34238.html
萍乡绘本出版多少钱,http://www.qqbb120.com/2018/0340/43028.html
丽水绘本出版多少钱,http://www.ijntv.cn/info/40i70067.html
蚌埠绘本出版多少钱,http://www.taojindi.com/wdjd/40j51099.html
大庆出版一本书多少钱,http://www.nongcun5.com/sell/news/40/68390.html
泰安自费出版，出书多少钱,http://ent.ijntv.cn/flzx/chubange-jnnews/40/24019.html
漯河绘本出版多少钱,http://www.jiankangad.com/show-40-47341.html
延安出版一本书多少钱,http://www.baike.com/info/b5dnG/article-40-45614.html
宁德自费出版，出书多少钱,http://www.hb114.cc/hbsx/40/32338.html
绥化出版一本书多少钱,http://www.chndsnews.com/dszx/LeL63s/show40-56553.html
德阳出书费用,http://www.shuyang.tv/fenlei/chubange/40/62259.html
开封出书费用,http://www.zgmuye.com/info/chubange/40/66481.html
驻马店自费出版，出书多少钱,http://life.ijntv.cn/wdsw/show-40-49416.html
深圳出版一本书多少钱,http://www.hyb2b.com/show-40-6091.html
中山绘本出版多少钱,http://www.fa160.com/show-40-24428.html
怀化绘本出版多少钱,http://www.yz88.cn/info/M8WffV-show-40i69075.html
七台河绘本出版多少钱,http://www.pipezx.com/qiye/nlZQLG/show-40-60779.html
广元出书费用,http://www.alibole.com/qynews/40i421.html
岳阳出版一本书多少钱,http://www.zbnews.net/qysx/chubange/show-40-7342.html
中卫自费出版，出书多少钱,http://www.zhiding8.com/wdzd/chubange/40/8987.html
湘潭自费出版，出书多少钱,http://www.syiptv.com/qiye/chubange/40/11957.html
昌都出书费用,http://b2b.baike.com/nWGV6E/article-40-9712.html
廊坊出版一本书多少钱,http://www.gxcznews.com.cn/czsx/UCM40/21024.html
安庆自费出版，出书多少钱,http://www.51sole.com/qxynews/201809-40i23257.html
内江自费出版，出书多少钱,http://www.51zhantai.com/ztxw/40i41351.html
遵义出书费用,http://www.95gq.com/95sx/40i52674.html
南阳自费出版，出书多少钱,http://www.hb114.cc/hbxw/40/34236.html
镇江出版一本书多少钱,http://www.qqbb120.com/2018/0340/43027.html
鞍山绘本出版多少钱,http://www.ijntv.cn/info/40i70066.html
厦门绘本出版多少钱,http://www.taojindi.com/wdjd/40j51098.html
邵阳出版一本书多少钱,http://www.nongcun5.com/sell/news/40/68389.html
玉林出版一本书多少钱,http://ent.ijntv.cn/flzx/chubange-jnnews/40/24018.html
阜阳绘本出版多少钱,http://www.jiankangad.com/show-40-47339.html
攀枝花出书费用,http://www.baike.com/info/b5dnG/article-40-45613.html
双鸭山出书费用,http://www.hb114.cc/hbsx/40/32337.html
鸡西绘本出版多少钱,http://www.chndsnews.com/dszx/LeL63s/show40-56552.html
锦州出书费用,http://www.shuyang.tv/fenlei/chubange/40/62258.html
随州自费出版，出书多少钱,http://www.zgmuye.com/info/chubange/40/66479.html
吉林自费出版，出书多少钱,http://life.ijntv.cn/wdsw/show-40-49414.html
泰安出书费用,http://www.hyb2b.com/show-40-6088.html
上饶出书费用,http://www.fa160.com/show-40-24426.html
张家界自费出版，出书多少钱,http://www.yz88.cn/info/M8WffV-show-40i69073.html
西安出书费用,http://www.pipezx.com/qiye/nlZQLG/show-40-60777.html
玉溪绘本出版多少钱,http://www.alibole.com/qynews/40i419.html
柳州出书费用,http://www.zbnews.net/qysx/chubange/show-40-7340.html
宜昌自费出版，出书多少钱,http://www.zhiding8.com/wdzd/chubange/40/8982.html
肇庆出版一本书多少钱,http://www.syiptv.com/qiye/chubange/40/11955.html
乌鲁木齐绘本出版多少钱,http://www.gxcznews.com.cn/czsx/UCM40/21018.html
辽源出版一本书多少钱,http://www.51sole.com/qxynews/201809-40i23254.html
阳泉出版一本书多少钱,http://www.51zhantai.com/ztxw/40i41348.html
来宾自费出版，出书多少钱,http://www.95gq.com/95sx/40i52668.html
金华自费出版，出书多少钱,http://www.hb114.cc/hbxw/40/34228.html
长治出书费用,http://www.qqbb120.com/2018/0340/43022.html
黄山自费出版，出书多少钱,http://www.ijntv.cn/info/40i70057.html
宿迁绘本出版多少钱,http://www.taojindi.com/wdjd/40j51093.html
韶关自费出版，出书多少钱,http://www.nongcun5.com/sell/news/40/68384.html
龙岩出书费用,http://ent.ijntv.cn/flzx/chubange-jnnews/40/24013.html
克拉玛依绘本出版多少钱,http://www.jiankangad.com/show-40-47331.html
漯河出版一本书多少钱,http://www.baike.com/info/b5dnG/article-40-45608.html
荆门出书费用,http://www.hb114.cc/hbsx/40/32332.html
九江出版一本书多少钱,http://www.chndsnews.com/dszx/LeL63s/show40-56547.html
西宁自费出版，出书多少钱,http://www.shuyang.tv/fenlei/chubange/40/62253.html
松原自费出版，出书多少钱,http://www.zgmuye.com/info/chubange/40/66474.html
海东出书费用,http://life.ijntv.cn/wdsw/show-40-49409.html
阜新自费出版，出书多少钱,http://www.hyb2b.com/show-40-6083.html
新乡出版一本书多少钱,http://www.fa160.com/show-40-24421.html
杭州绘本出版多少钱,http://www.yz88.cn/info/M8WffV-show-40i69068.html
自贡出版一本书多少钱,http://www.pipezx.com/qiye/nlZQLG/show-40-60772.html
德阳自费出版，出书多少钱,http://www.alibole.com/qynews/40i414.html
扬州绘本出版多少钱,http://www.zbnews.net/qysx/chubange/show-40-7335.html
十堰出版一本书多少钱,http://www.zhiding8.com/wdzd/chubange/40/8975.html
滁州绘本出版多少钱,http://www.syiptv.com/qiye/chubange/40/11950.html
安顺出版一本书多少钱,http://www.gxcznews.com.cn/czsx/UCM40/21011.html
上海自费出版，出书多少钱,http://www.51sole.com/qxynews/201809-40i23249.html
安庆出版一本书多少钱,http://www.51zhantai.com/ztxw/40i41343.html
咸阳出版一本书多少钱,http://www.95gq.com/95sx/40i52661.html
盐城自费出版，出书多少钱,http://www.hb114.cc/hbxw/40/34221.html
雅安绘本出版多少钱,http://www.qqbb120.com/2018/0340/43016.html
南宁出书费用,http://www.ijntv.cn/info/40i70049.html
十堰自费出版，出书多少钱,http://www.taojindi.com/wdjd/40j51087.html
铜陵自费出版，出书多少钱,http://www.nongcun5.com/sell/news/40/68378.html
巴中出书费用,http://ent.ijntv.cn/flzx/chubange-jnnews/40/24007.html
周口自费出版，出书多少钱,http://www.jiankangad.com/show-40-47324.html
上饶绘本出版多少钱,http://www.baike.com/info/b5dnG/article-40-45603.html
衡水自费出版，出书多少钱,http://www.hb114.cc/hbsx/40/32327.html
佛山出版一本书多少钱,http://www.chndsnews.com/dszx/LeL63s/show40-56542.html
吕梁绘本出版多少钱,http://www.shuyang.tv/fenlei/chubange/40/62248.html
株洲绘本出版多少钱,http://www.zgmuye.com/info/chubange/40/66469.html
张掖出书费用,http://life.ijntv.cn/wdsw/show-40-49403.html
郴州出版一本书多少钱,http://www.hyb2b.com/show-40-6077.html
牡丹江出书费用,http://www.fa160.com/show-40-24416.html
三亚绘本出版多少钱,http://www.yz88.cn/info/M8WffV-show-40i69063.html
济南自费出版，出书多少钱,http://www.pipezx.com/qiye/nlZQLG/show-40-60767.html
安顺自费出版，出书多少钱,http://www.alibole.com/qynews/40i409.html
朔州绘本出版多少钱,http://www.zbnews.net/qysx/chubange/show-40-7330.html
新乡绘本出版多少钱,http://www.zhiding8.com/wdzd/chubange/40/8968.html
十堰绘本出版多少钱,http://www.syiptv.com/qiye/chubange/40/11945.html
辽源绘本出版多少钱,http://b2b.baike.com/nWGV6E/article-40-9708.html
辽源自费出版，出书多少钱,http://www.gxcznews.com.cn/czsx/UCM40/21003.html
克拉玛依出书费用,http://www.51sole.com/qxynews/201809-40i23243.html
佳木斯自费出版，出书多少钱,http://www.51zhantai.com/ztxw/40i41337.html
娄底自费出版，出书多少钱,http://www.95gq.com/95sx/40i52653.html
肇庆自费出版，出书多少钱,http://www.hb114.cc/hbxw/40/34213.html
湖州绘本出版多少钱,http://www.qqbb120.com/2018/0340/43010.html
阜阳自费出版，出书多少钱,http://www.ijntv.cn/info/40i70041.html
孝感绘本出版多少钱,http://www.taojindi.com/wdjd/40j51081.html
钦州绘本出版多少钱,http://www.nongcun5.com/sell/news/40/68372.html
鄂州出书费用,http://ent.ijntv.cn/flzx/chubange-jnnews/40/24001.html
娄底出书费用,http://www.jiankangad.com/show-40-47316.html
淮南出书费用,http://www.baike.com/info/b5dnG/article-40-45598.html
雅安出版一本书多少钱,http://www.hb114.cc/hbsx/40/32322.html
石家庄出版一本书多少钱,http://www.chndsnews.com/dszx/LeL63s/show40-56537.html
金昌出书费用,http://www.shuyang.tv/fenlei/chubange/40/62243.html
葫芦岛出书费用,http://www.zgmuye.com/info/chubange/40/66464.html
永州出书费用,http://life.ijntv.cn/wdsw/show-40-49399.html
烟台绘本出版多少钱,http://www.hyb2b.com/show-40-6073.html
开封自费出版，出书多少钱,http://www.fa160.com/show-40-24410.html
随州出版一本书多少钱,http://www.yz88.cn/info/M8WffV-show-40i69057.html
枣庄绘本出版多少钱,http://www.pipezx.com/qiye/nlZQLG/show-40-60763.html
铜陵出书费用,http://www.alibole.com/qynews/40i405.html
通辽出书费用,http://www.zhiding8.com/wdzd/chubange/40/8960.html
来宾出书费用,http://www.syiptv.com/qiye/chubange/40/11940.html
天水出版一本书多少钱,http://b2b.baike.com/nWGV6E/article-40-9703.html
宜春绘本出版多少钱,http://www.gxcznews.com.cn/czsx/UCM40/20995.html
安阳出版一本书多少钱,http://www.51sole.com/qxynews/201809-40i23238.html
珠海出版一本书多少钱,http://www.51zhantai.com/ztxw/40i41332.html
玉溪出书费用,http://www.95gq.com/95sx/40i52645.html
绵阳出版一本书多少钱,http://www.hb114.cc/hbxw/40/34205.html
吕梁自费出版，出书多少钱,http://www.qqbb120.com/2018/0340/43005.html
青岛出版一本书多少钱,http://www.ijntv.cn/info/40i70033.html
连云港出版一本书多少钱,http://www.taojindi.com/wdjd/40j51076.html
来宾出版一本书多少钱,http://www.nongcun5.com/sell/news/40/68367.html
平顶山绘本出版多少钱,http://ent.ijntv.cn/flzx/chubange-jnnews/40/23996.html
辽阳出书费用,http://www.jiankangad.com/show-40-47307.html
郑州出版一本书多少钱,http://www.baike.com/info/b5dnG/article-40-45590.html
德州自费出版，出书多少钱,http://www.hb114.cc/hbsx/40/32314.html
东莞自费出版，出书多少钱,http://www.chndsnews.com/dszx/LeL63s/show40-56529.html
宿州出书费用,http://www.shuyang.tv/fenlei/chubange/40/62235.html
松原出书费用,http://www.zgmuye.com/info/chubange/40/66456.html
珠海绘本出版多少钱,http://life.ijntv.cn/wdsw/show-40-49390.html
防城港自费出版，出书多少钱,http://www.hyb2b.com/show-40-6064.html
安顺出书费用,http://www.fa160.com/show-40-24401.html
六盘水绘本出版多少钱,http://www.yz88.cn/info/M8WffV-show-40i69047.html
齐齐哈尔出书费用,http://www.pipezx.com/qiye/nlZQLG/show-40-60755.html
舟山出书费用,http://www.alibole.com/qynews/40i397.html
福州出版一本书多少钱,http://www.zbnews.net/qysx/chubange/show-40-7324.html
崇左出书费用,http://www.zhiding8.com/wdzd/chubange/40/8950.html
芜湖自费出版，出书多少钱,http://www.syiptv.com/qiye/chubange/40/11932.html
南宁自费出版，出书多少钱,http://www.gxcznews.com.cn/czsx/UCM40/20984.html
贺州出版一本书多少钱,http://www.51sole.com/qxynews/201809-40i23230.html
淮南绘本出版多少钱,http://www.51zhantai.com/ztxw/40i41324.html
攀枝花出版一本书多少钱,http://www.95gq.com/95sx/40i52635.html
普洱自费出版，出书多少钱,http://www.hb114.cc/hbxw/40/34195.html
绍兴出书费用,http://www.qqbb120.com/2018/0340/42997.html
临沧自费出版，出书多少钱,http://www.ijntv.cn/info/40i70023.html
呼和浩特绘本出版多少钱,http://www.taojindi.com/wdjd/40j51068.html
郴州自费出版，出书多少钱,http://www.nongcun5.com/sell/news/40/68358.html
莆田出书费用,http://ent.ijntv.cn/flzx/chubange-jnnews/40/23987.html
信阳出书费用,http://www.jiankangad.com/show-40-47296.html
本溪出书费用,http://www.baike.com/info/b5dnG/article-40-45581.html
庆阳绘本出版多少钱,http://www.hb114.cc/hbsx/40/32305.html
海东出版一本书多少钱,http://www.chndsnews.com/dszx/LeL63s/show40-56521.html
宜宾自费出版，出书多少钱,http://www.shuyang.tv/fenlei/chubange/40/62227.html
晋城自费出版，出书多少钱,http://www.zgmuye.com/info/chubange/40/66448.html
济南出版一本书多少钱,http://life.ijntv.cn/wdsw/show-40-49382.html
乌兰察布自费出版，出书多少钱,http://www.hyb2b.com/show-40-6056.html
襄樊自费出版，出书多少钱,http://www.fa160.com/show-40-24394.html
酒泉出版一本书多少钱,http://www.yz88.cn/info/M8WffV-show-40i69040.html
西宁出书费用,http://www.pipezx.com/qiye/nlZQLG/show-40-60747.html
合肥出版一本书多少钱,http://www.alibole.com/qynews/40i390.html
赣州自费出版，出书多少钱,http://www.zhiding8.com/wdzd/chubange/40/8941.html
连云港出书费用,http://www.syiptv.com/qiye/chubange/40/11925.html
巴彦淖尔绘本出版多少钱,http://www.gxcznews.com.cn/czsx/UCM40/20976.html
南平自费出版，出书多少钱,http://www.51sole.com/qxynews/201809-40i23223.html
鄂尔多斯绘本出版多少钱,http://www.51zhantai.com/ztxw/40i41317.html
抚州绘本出版多少钱,http://www.95gq.com/95sx/40i52626.html
蚌埠出版一本书多少钱,http://www.hb114.cc/hbxw/40/34186.html
巴彦淖尔出书费用,http://www.qqbb120.com/2018/0340/42990.html
三沙自费出版，出书多少钱,http://www.ijntv.cn/info/40i70014.html
张掖绘本出版多少钱,http://www.taojindi.com/wdjd/40j51061.html
赤峰出版一本书多少钱,http://www.nongcun5.com/sell/news/40/68351.html
汕尾自费出版，出书多少钱,http://ent.ijntv.cn/flzx/chubange-jnnews/40/23980.html
三沙出版一本书多少钱,http://www.jiankangad.com/show-40-47288.html
常德绘本出版多少钱,http://www.baike.com/info/b5dnG/article-40-45575.html
乌鲁木齐出书费用,http://www.hb114.cc/hbsx/40/32299.html
乌兰察布绘本出版多少钱,http://www.chndsnews.com/dszx/LeL63s/show40-56514.html
武威绘本出版多少钱,http://www.shuyang.tv/fenlei/chubange/40/62220.html
常德自费出版，出书多少钱,http://www.zgmuye.com/info/chubange/40/66441.html
包头自费出版，出书多少钱,http://life.ijntv.cn/wdsw/show-40-49375.html
贵阳出版一本书多少钱,http://www.hyb2b.com/show-40-6049.html
潮州出书费用,http://www.fa160.com/show-40-24386.html
淮北绘本出版多少钱,http://www.yz88.cn/info/M8WffV-show-40i69032.html
马鞍山出版一本书多少钱,http://www.pipezx.com/qiye/nlZQLG/show-40-60742.html
抚州出版一本书多少钱,http://www.alibole.com/qynews/40i382.html
鹰潭出版一本书多少钱,http://www.zhiding8.com/wdzd/chubange/40/8933.html
昭通出版一本书多少钱,http://www.syiptv.com/qiye/chubange/40/11918.html
鄂尔多斯自费出版，出书多少钱,http://www.gxcznews.com.cn/czsx/UCM40/20968.html
眉山出版一本书多少钱,http://www.51sole.com/qxynews/201809-40i23215.html
连云港绘本出版多少钱,http://www.51zhantai.com/ztxw/40i41311.html
汉中绘本出版多少钱,http://www.95gq.com/95sx/40i52616.html
贺州自费出版，出书多少钱,http://www.hb114.cc/hbxw/40/34178.html
驻马店出书费用,http://www.qqbb120.com/2018/0340/42982.html
娄底绘本出版多少钱,http://www.ijntv.cn/info/40i70006.html
遂宁绘本出版多少钱,http://www.taojindi.com/wdjd/40j51053.html
威海出版一本书多少钱,http://www.nongcun5.com/sell/news/40/68345.html
信阳自费出版，出书多少钱,http://ent.ijntv.cn/flzx/chubange-jnnews/40/23972.html
朝阳出版一本书多少钱,http://www.jiankangad.com/show-40-47279.html
常德出书费用,http://www.baike.com/info/b5dnG/article-40-45566.html
盘锦出书费用,http://www.hb114.cc/hbsx/40/32292.html
南宁绘本出版多少钱,http://www.chndsnews.com/dszx/LeL63s/show40-56505.html
东莞绘本出版多少钱,http://www.shuyang.tv/fenlei/chubange/40/62213.html
榆林绘本出版多少钱,http://www.zgmuye.com/info/chubange/40/66432.html
三门峡绘本出版多少钱,http://life.ijntv.cn/wdsw/show-40-49368.html
廊坊出书费用,http://www.hyb2b.com/show-40-6040.html
丹东出版一本书多少钱,http://www.fa160.com/show-40-24380.html
荆门出版一本书多少钱,http://www.yz88.cn/info/M8WffV-show-40i69025.html
梅州自费出版，出书多少钱,http://www.pipezx.com/qiye/nlZQLG/show-40-60734.html
邯郸绘本出版多少钱,http://www.alibole.com/qynews/40i375.html
龙岩绘本出版多少钱,http://www.zhiding8.com/wdzd/chubange/40/8922.html
重庆绘本出版多少钱,http://www.syiptv.com/qiye/chubange/40/11910.html
滨州绘本出版多少钱,http://www.gxcznews.com.cn/czsx/UCM40/20959.html
龙岩出版一本书多少钱,http://www.51sole.com/qxynews/201809-40i23209.html
广州出书费用,http://www.51zhantai.com/ztxw/40i41302.html
呼伦贝尔出书费用,http://www.95gq.com/95sx/40i52608.html
衡阳绘本出版多少钱,http://www.hb114.cc/hbxw/40/34168.html
贵港自费出版，出书多少钱,http://www.qqbb120.com/2018/0340/42976.html
齐齐哈尔自费出版，出书多少钱,http://www.ijntv.cn/info/40i69996.html
益阳出书费用,http://www.taojindi.com/wdjd/40j51047.html
郑州出书费用,http://www.nongcun5.com/sell/news/40/68336.html
衡阳自费出版，出书多少钱,http://ent.ijntv.cn/flzx/chubange-jnnews/40/23966.html
安顺绘本出版多少钱,http://www.jiankangad.com/show-40-47268.html
漯河自费出版，出书多少钱,http://www.baike.com/info/b5dnG/article-40-45561.html
天津出书费用,http://www.hb114.cc/hbsx/40/32283.html
韶关出版一本书多少钱,http://www.chndsnews.com/dszx/LeL63s/show40-56500.html
泸州出书费用,http://www.shuyang.tv/fenlei/chubange/40/62205.html
三门峡出书费用,http://www.zgmuye.com/info/chubange/40/66427.html
泉州出书费用,http://life.ijntv.cn/wdsw/show-40-49360.html
上饶自费出版，出书多少钱,http://www.hyb2b.com/show-40-6036.html
大同出版一本书多少钱,http://www.fa160.com/show-40-24371.html
中山出书费用,http://www.yz88.cn/info/M8WffV-show-40i69019.html
威海绘本出版多少钱,http://www.pipezx.com/qiye/nlZQLG/show-40-60725.html
延安出书费用,http://www.alibole.com/qynews/40i367.html
宜昌绘本出版多少钱,http://www.zhiding8.com/wdzd/chubange/40/8912.html
汕头自费出版，出书多少钱,http://www.syiptv.com/qiye/chubange/40/11902.html
新乡自费出版，出书多少钱,http://b2b.baike.com/nWGV6E/article-40-9697.html
西安出版一本书多少钱,http://www.gxcznews.com.cn/czsx/UCM40/20948.html
营口出书费用,http://www.51sole.com/qxynews/201809-40i23202.html
鹤壁出版一本书多少钱,http://www.51zhantai.com/ztxw/40i41294.html
广州自费出版，出书多少钱,http://www.95gq.com/95sx/40i52600.html
阜新出版一本书多少钱,http://www.hb114.cc/hbxw/40/34158.html
乐山出版一本书多少钱,http://www.qqbb120.com/2018/0340/42969.html
南京出书费用,http://www.ijntv.cn/info/40i69987.html
六安出版一本书多少钱,http://www.taojindi.com/wdjd/40j51040.html
日喀则绘本出版多少钱,http://www.nongcun5.com/sell/news/40/68329.html
漳州绘本出版多少钱,http://ent.ijntv.cn/flzx/chubange-jnnews/40/23959.html
攀枝花自费出版，出书多少钱,http://www.jiankangad.com/show-40-47260.html
焦作自费出版，出书多少钱,http://www.baike.com/info/b5dnG/article-40-45554.html
淮南出版一本书多少钱,http://www.hb114.cc/hbsx/40/32276.html
大同绘本出版多少钱,http://www.chndsnews.com/dszx/LeL63s/show40-56491.html
安康出版一本书多少钱,http://www.shuyang.tv/fenlei/chubange/40/62197.html
白城出书费用,http://www.zgmuye.com/info/chubange/40/66418.html
张掖自费出版，出书多少钱,http://life.ijntv.cn/wdsw/show-40-49352.html
宁德出版一本书多少钱,http://www.hyb2b.com/show-40-6026.html
鹰潭自费出版，出书多少钱,http://www.fa160.com/show-40-24365.html
鄂州绘本出版多少钱,http://www.yz88.cn/info/M8WffV-show-40i69011.html
乐山自费出版，出书多少钱,http://www.pipezx.com/qiye/nlZQLG/show-40-60719.html
平顶山出版一本书多少钱,http://www.alibole.com/qynews/40i362.html
沧州出版一本书多少钱,http://www.zhiding8.com/wdzd/chubange/40/8905.html
乌海出版一本书多少钱,http://www.syiptv.com/qiye/chubange/40/11897.html
青岛自费出版，出书多少钱,http://b2b.baike.com/nWGV6E/article-40-9692.html
平凉自费出版，出书多少钱,http://www.gxcznews.com.cn/czsx/UCM40/20941.html
运城出版一本书多少钱,http://www.51sole.com/qxynews/201809-40i23195.html
乌鲁木齐自费出版，出书多少钱,http://www.51zhantai.com/ztxw/40i41289.html
咸宁自费出版，出书多少钱,http://www.95gq.com/95sx/40i52591.html
河源出版一本书多少钱,http://www.hb114.cc/hbxw/40/34151.html
鹤壁自费出版，出书多少钱,http://www.qqbb120.com/2018/0340/42962.html
白银出书费用,http://www.ijntv.cn/info/40i69979.html
惠州自费出版，出书多少钱,http://www.taojindi.com/wdjd/40j51032.html
晋城出版一本书多少钱,http://www.nongcun5.com/sell/news/40/68322.html
桂林出书费用,http://ent.ijntv.cn/flzx/chubange-jnnews/40/23952.html
南平绘本出版多少钱,http://www.jiankangad.com/show-40-47252.html
鄂尔多斯出书费用,http://www.baike.com/info/b5dnG/article-40-45546.html
梧州出书费用,http://www.hb114.cc/hbsx/40/32270.html
营口自费出版，出书多少钱,http://www.chndsnews.com/dszx/LeL63s/show40-56485.html
鹤岗出版一本书多少钱,http://www.shuyang.tv/fenlei/chubange/40/62191.html
大同出书费用,http://www.zgmuye.com/info/chubange/40/66412.html
乌鲁木齐出版一本书多少钱,http://life.ijntv.cn/wdsw/show-40-49346.html
长治自费出版，出书多少钱,http://www.hyb2b.com/show-40-6019.html
沧州出书费用,http://www.fa160.com/show-40-24357.html
武汉绘本出版多少钱,http://www.yz88.cn/info/M8WffV-show-40i69003.html